image_idx,cataract,diabetic_retinopathy,glaucoma,normal,retina_disease,real_label
0,0.47315708,0.14884108,0.06722424,0.0862932,0.22448444,0
1,0.14988856,0.07030977,0.079919085,0.059015907,0.6408667,0
2,0.8626532,0.019321797,0.069811314,0.011589999,0.036623675,0
3,0.817511,0.08061008,0.0471045,0.037104156,0.01767031,0
4,0.42408973,0.068818584,0.41715422,0.054598894,0.035338607,0
5,0.83804744,0.057119783,0.053332683,0.033047456,0.018452702,0
6,0.8046045,0.07914813,0.052945763,0.040149912,0.023151755,0
7,0.6748764,0.13953698,0.072140835,0.077049255,0.03639658,0
8,0.2446538,0.2663565,0.08910395,0.17821763,0.22166815,0
9,0.82530445,0.02658886,0.10594513,0.028076557,0.014085068,0
10,0.248811,0.08504217,0.116388164,0.09871042,0.45104828,0
11,0.81203204,0.019366529,0.11270205,0.016288484,0.03961095,0
12,0.45424905,0.043451976,0.3944982,0.078650944,0.029149866,0
13,0.8712451,0.02703973,0.07143571,0.019011486,0.011267955,0
14,0.72975796,0.086054385,0.05326466,0.08210921,0.048813738,0
15,0.85890913,0.024240602,0.08397557,0.020287318,0.012587413,0
16,0.78078175,0.0600558,0.05179366,0.04360054,0.06376829,0
17,0.6574201,0.14059183,0.052882906,0.089918785,0.05918643,0
18,0.6583294,0.08975647,0.058586337,0.050136395,0.14319134,0
19,0.74490726,0.09149461,0.05259868,0.06752927,0.04347017,0
20,0.5793306,0.21721785,0.06160844,0.08930456,0.05253854,0
21,0.5092189,0.18734688,0.12892008,0.13841783,0.03609642,0
22,0.7807172,0.02762941,0.15310283,0.023101691,0.015448934,0
23,0.88653463,0.015949909,0.06765508,0.011784027,0.018076418,0
24,0.66672534,0.18685271,0.056973994,0.059249617,0.030198364,0
25,0.8972253,0.017698007,0.06222784,0.014169509,0.008679418,0
26,0.88390344,0.039238315,0.045425862,0.019704733,0.011727752,0
27,0.6206967,0.15999207,0.05596586,0.05400489,0.10934051,0
28,0.85588646,0.02116712,0.0868873,0.016074415,0.019984707,0
29,0.7918611,0.022079993,0.1453645,0.019435091,0.021259291,0
30,0.8548795,0.043946754,0.055227995,0.030225215,0.015720624,0
31,0.654617,0.1892972,0.0706872,0.066007614,0.019390972,0
32,0.58332735,0.085491225,0.088172086,0.09168844,0.15132096,0
33,0.22954333,0.0557048,0.58259887,0.0766637,0.055489253,0
34,0.89452404,0.018878281,0.05946789,0.013777614,0.013352084,0
35,0.61235636,0.12190535,0.0967619,0.1302156,0.038760822,0
36,0.8562067,0.020941142,0.080275156,0.013263816,0.029313182,0
37,0.8796711,0.035406213,0.05350048,0.018951302,0.012470951,0
38,0.83633596,0.024592413,0.10269965,0.018067664,0.018304352,0
39,0.033279758,0.07417567,0.045188308,0.022788797,0.8245675,0
40,0.7077119,0.059154242,0.17415248,0.04571693,0.013264495,0
41,0.62076396,0.1198862,0.06543494,0.060503077,0.13341187,0
42,0.8759244,0.04889673,0.03907164,0.022601008,0.013506233,0
43,0.6877593,0.13025427,0.08761256,0.06356111,0.030812776,0
44,0.07882842,0.047743272,0.046481043,0.023378206,0.803569,0
45,0.25847197,0.13527118,0.27221638,0.30737334,0.026667187,0
46,0.49923417,0.0663391,0.053317916,0.056705106,0.32440376,0
47,0.7887788,0.08838993,0.05788095,0.042775307,0.022175081,0
48,0.8278536,0.012987331,0.1154359,0.017861817,0.025861358,0
49,0.1033589,0.21434927,0.11924722,0.09628942,0.4667552,0
50,0.8524725,0.028833186,0.07708823,0.025788108,0.015817996,0
51,0.85526466,0.064807646,0.040977836,0.024268676,0.014681213,0
52,0.70370656,0.11940034,0.06664296,0.08089701,0.0293532,0
53,0.62837356,0.07794145,0.059462417,0.059256997,0.17496553,0
54,0.48352042,0.15275143,0.1690441,0.17042394,0.024260124,0
55,0.84251225,0.017432049,0.11485221,0.016167967,0.009035453,0
56,0.83788186,0.015273933,0.1162791,0.018127477,0.012437676,0
57,0.19266224,0.069559306,0.07351137,0.05199304,0.612274,0
58,0.83518755,0.051590532,0.070648514,0.027611256,0.014962161,0
59,0.34107378,0.03871302,0.5358834,0.05000456,0.03432525,0
60,0.7890029,0.021596426,0.12395751,0.0138384625,0.051604725,0
61,0.79665685,0.05917557,0.05693811,0.06377212,0.023457414,0
62,0.82760155,0.07278975,0.046052214,0.03380177,0.019754773,0
63,0.88787377,0.018748619,0.068577826,0.016342621,0.00845719,0
64,0.72886246,0.11461633,0.07660534,0.0490095,0.030906385,0
65,0.70324,0.1461937,0.05356699,0.07247228,0.024527125,0
66,0.8498296,0.04442794,0.061870575,0.028265122,0.015606734,0
67,0.8247897,0.015450633,0.1294434,0.018861394,0.011454882,0
68,0.1158572,0.05506305,0.059388466,0.044255648,0.7254357,0
69,0.28614756,0.011029052,0.6586146,0.028282717,0.015926141,0
70,0.8217438,0.07112157,0.053841133,0.034380537,0.018912932,0
71,0.19415766,0.1510756,0.21646242,0.32531226,0.1129921,0
72,0.87183267,0.022662574,0.07905465,0.016310114,0.010140136,0
73,0.88850653,0.020186702,0.052589834,0.015828533,0.022888482,0
74,0.8421568,0.059495475,0.049951147,0.03138616,0.017010411,0
75,0.8490653,0.058661707,0.047675427,0.028623044,0.01597452,0
76,0.6579778,0.16409293,0.06251998,0.0734849,0.04192437,0
77,0.91006404,0.025945777,0.036678724,0.017372837,0.009938613,0
78,0.020376448,0.87646484,0.024926445,0.055110235,0.023122026,0
79,0.7457505,0.10204174,0.070440255,0.05189417,0.029873291,0
80,0.359735,0.10206517,0.06366622,0.04410095,0.43043265,0
81,0.75517094,0.11541213,0.042370453,0.052640337,0.03440615,0
82,0.57364696,0.19261959,0.08058443,0.10443737,0.048711665,0
83,0.15503415,0.19095473,0.19179128,0.39114138,0.07107853,0
84,0.89175016,0.03783947,0.041777965,0.01715288,0.011479492,0
85,0.91654056,0.017331336,0.045458194,0.011225252,0.0094447285,0
86,0.3077182,0.1556258,0.26609644,0.21950929,0.051050257,0
87,0.7963435,0.07687684,0.057169516,0.04542939,0.024180813,0
88,0.46153042,0.20715995,0.08703734,0.15605365,0.08821866,0
89,0.8810579,0.018794868,0.06868131,0.01887088,0.012595015,0
90,0.8615276,0.024857417,0.07170572,0.017425269,0.024483997,0
91,0.7245009,0.10013413,0.06711134,0.078363135,0.029890483,0
92,0.8416382,0.022428967,0.094296955,0.02390747,0.017728403,0
93,0.6996574,0.03734104,0.21653259,0.03473542,0.01173355,0
94,0.7746498,0.08171265,0.06311773,0.050238814,0.030280972,0
95,0.6271576,0.15718679,0.0612324,0.076114565,0.07830862,0
96,0.32712013,0.0387012,0.5385495,0.04862152,0.047007687,0
97,0.47773466,0.16168812,0.09039219,0.14626594,0.12391903,0
98,0.22370367,0.06496949,0.56437194,0.08565398,0.061300933,0
99,0.8502602,0.02860083,0.08248889,0.026611928,0.012038223,0
100,0.58332735,0.085491225,0.088172086,0.09168844,0.15132096,0
101,0.22954333,0.0557048,0.58259887,0.0766637,0.055489253,0
102,0.08205319,0.36764142,0.07689297,0.07015195,0.40326053,0
103,0.23667157,0.087308325,0.35168508,0.2997857,0.024549333,0
104,0.40392762,0.044788804,0.47116452,0.056242883,0.023876155,0
105,0.7995904,0.07670677,0.053922456,0.04210424,0.02767613,0
106,0.57956123,0.022866512,0.35213292,0.024203492,0.021235809,0
107,0.50430495,0.13315749,0.05737436,0.059972543,0.24519072,0
108,0.07068346,0.22346877,0.11460493,0.46341354,0.1278293,0
109,0.62076396,0.1198862,0.06543494,0.060503077,0.13341187,0
110,0.85961574,0.024728319,0.08326279,0.019008433,0.013384752,0
111,0.7930765,0.045388184,0.069858305,0.03190519,0.059771802,0
112,0.07882842,0.047743272,0.046481043,0.023378206,0.803569,0
113,0.25847197,0.13527118,0.27221638,0.30737334,0.026667187,0
114,0.1496345,0.04542435,0.05510354,0.047432255,0.7024054,0
115,0.79872304,0.017947877,0.1000659,0.013671502,0.06959171,0
116,0.79338044,0.05486576,0.08585631,0.049933475,0.01596396,0
117,0.10741333,0.5278817,0.07173163,0.2689113,0.024062058,0
118,0.10708421,0.13779783,0.14561553,0.26069003,0.34881237,0
119,0.85294974,0.0247047,0.08716916,0.023050614,0.012125819,0
120,0.62837356,0.07794145,0.059462417,0.059256997,0.17496553,0
121,0.48352042,0.15275143,0.1690441,0.17042394,0.024260124,0
122,0.033257585,0.0350338,0.051269412,0.02248893,0.8579503,0
123,0.84251225,0.017432049,0.11485221,0.016167967,0.009035453,0
124,0.27825996,0.08751831,0.08626113,0.089185715,0.45877495,0
125,0.8063046,0.062453818,0.044698488,0.05295716,0.03358595,0
126,0.19266224,0.069559306,0.07351137,0.05199304,0.612274,0
127,0.05952253,0.122891724,0.4464847,0.33866188,0.03243919,0
128,0.69003177,0.14484595,0.051415384,0.081102915,0.032603998,0
129,0.875453,0.016036676,0.065858625,0.015335505,0.027316233,0
130,0.7227767,0.12653701,0.053732734,0.05494113,0.04201245,0
131,0.81829166,0.0718441,0.052973438,0.037127536,0.019763261,0
132,0.72849244,0.07754239,0.07895703,0.09232685,0.02268144,0
133,0.77526903,0.06609345,0.06314836,0.067586176,0.02790294,0
134,0.70324,0.1461937,0.05356699,0.07247228,0.024527125,0
135,0.22228725,0.14095086,0.08465947,0.0705728,0.48152962,0
136,0.8498296,0.04442794,0.061870575,0.028265122,0.015606734,0
137,0.22241548,0.058182407,0.07485507,0.061734494,0.5828126,0
138,0.8783615,0.022858126,0.068677865,0.018055085,0.012047439,0
139,0.1158572,0.05506305,0.059388466,0.044255648,0.7254357,0
140,0.5654593,0.1075439,0.114795886,0.16407873,0.04812218,0
141,0.7971656,0.09113514,0.043340098,0.04659375,0.021765424,0
142,0.19415766,0.1510756,0.21646242,0.32531226,0.1129921,0
143,0.87183267,0.022662574,0.07905465,0.016310114,0.010140136,0
144,0.88850653,0.020186702,0.052589834,0.015828533,0.022888482,0
145,0.8421568,0.059495475,0.049951147,0.03138616,0.017010411,0
146,0.8490653,0.058661707,0.047675427,0.028623044,0.01597452,0
147,0.6579778,0.16409293,0.06251998,0.0734849,0.04192437,0
148,0.91006404,0.025945777,0.036678724,0.017372837,0.009938613,0
149,0.020376448,0.87646484,0.024926445,0.055110235,0.023122026,0
150,0.7457505,0.10204174,0.070440255,0.05189417,0.029873291,0
151,0.359735,0.10206517,0.06366622,0.04410095,0.43043265,0
152,0.75517094,0.11541213,0.042370453,0.052640337,0.03440615,0
153,0.57364696,0.19261959,0.08058443,0.10443737,0.048711665,0
154,0.15503415,0.19095473,0.19179128,0.39114138,0.07107853,0
155,0.89175016,0.03783947,0.041777965,0.01715288,0.011479492,0
156,0.91654056,0.017331336,0.045458194,0.011225252,0.0094447285,0
157,0.3077182,0.1556258,0.26609644,0.21950929,0.051050257,0
158,0.7963435,0.07687684,0.057169516,0.04542939,0.024180813,0
159,0.46153042,0.20715995,0.08703734,0.15605365,0.08821866,0
160,0.8810579,0.018794868,0.06868131,0.01887088,0.012595015,0
161,0.8615276,0.024857417,0.07170572,0.017425269,0.024483997,0
162,0.7245009,0.10013413,0.06711134,0.078363135,0.029890483,0
163,0.8416382,0.022428967,0.094296955,0.02390747,0.017728403,0
164,0.6996574,0.03734104,0.21653259,0.03473542,0.01173355,0
165,0.7746498,0.08171265,0.06311773,0.050238814,0.030280972,0
166,0.6271576,0.15718679,0.0612324,0.076114565,0.07830862,0
167,0.32712013,0.0387012,0.5385495,0.04862152,0.047007687,0
168,0.47773466,0.16168812,0.09039219,0.14626594,0.12391903,0
169,0.22370367,0.06496949,0.56437194,0.08565398,0.061300933,0
170,0.8502602,0.02860083,0.08248889,0.026611928,0.012038223,0
171,0.08205319,0.36764142,0.07689297,0.07015195,0.40326053,0
172,0.23667157,0.087308325,0.35168508,0.2997857,0.024549333,0
173,0.40392762,0.044788804,0.47116452,0.056242883,0.023876155,0
174,0.7995904,0.07670677,0.053922456,0.04210424,0.02767613,0
175,0.57956123,0.022866512,0.35213292,0.024203492,0.021235809,0
176,0.50430495,0.13315749,0.05737436,0.059972543,0.24519072,0
177,0.07068346,0.22346877,0.11460493,0.46341354,0.1278293,0
178,0.85961574,0.024728319,0.08326279,0.019008433,0.013384752,0
179,0.7930765,0.045388184,0.069858305,0.03190519,0.059771802,0
180,0.1496345,0.04542435,0.05510354,0.047432255,0.7024054,0
181,0.79872304,0.017947877,0.1000659,0.013671502,0.06959171,0
182,0.79338044,0.05486576,0.08585631,0.049933475,0.01596396,0
183,0.10741333,0.5278817,0.07173163,0.2689113,0.024062058,0
184,0.10708421,0.13779783,0.14561553,0.26069003,0.34881237,0
185,0.85294974,0.0247047,0.08716916,0.023050614,0.012125819,0
186,0.033257585,0.0350338,0.051269412,0.02248893,0.8579503,0
187,0.27825996,0.08751831,0.08626113,0.089185715,0.45877495,0
188,0.8063046,0.062453818,0.044698488,0.05295716,0.03358595,0
189,0.05952253,0.122891724,0.4464847,0.33866188,0.03243919,0
190,0.69003177,0.14484595,0.051415384,0.081102915,0.032603998,0
191,0.875453,0.016036676,0.065858625,0.015335505,0.027316233,0
192,0.7227767,0.12653701,0.053732734,0.05494113,0.04201245,0
193,0.81829166,0.0718441,0.052973438,0.037127536,0.019763261,0
194,0.72849244,0.07754239,0.07895703,0.09232685,0.02268144,0
195,0.77526903,0.06609345,0.06314836,0.067586176,0.02790294,0
196,0.22228725,0.14095086,0.08465947,0.0705728,0.48152962,0
197,0.22241548,0.058182407,0.07485507,0.061734494,0.5828126,0
198,0.8783615,0.022858126,0.068677865,0.018055085,0.012047439,0
199,0.5654593,0.1075439,0.114795886,0.16407873,0.04812218,0
200,0.7971656,0.09113514,0.043340098,0.04659375,0.021765424,0
201,0.022043187,0.7372497,0.044220325,0.12364872,0.0728381,1
202,0.0099313725,0.44081217,0.024246747,0.5173793,0.0076304204,1
203,0.12419327,0.6915613,0.050890982,0.08606341,0.04729105,1
204,0.009209782,0.76783895,0.011826739,0.20726426,0.0038602513,1
205,0.01394396,0.9224128,0.01813624,0.02248372,0.023023333,1
206,0.040270388,0.40960512,0.06274131,0.23236337,0.2550198,1
207,0.016154436,0.76096344,0.013690521,0.20568518,0.0035064367,1
208,0.516071,0.30018803,0.06450877,0.078142785,0.041089393,1
209,0.02808466,0.3619543,0.121922694,0.4612716,0.026766762,1
210,0.027515097,0.3638185,0.04865096,0.53739876,0.022616742,1
211,0.036537476,0.30533108,0.04309922,0.5557508,0.059281506,1
212,0.014135607,0.74792355,0.020483559,0.2111506,0.0063067214,1
213,0.05257122,0.607187,0.080357395,0.15526548,0.10461898,1
214,0.014333573,0.6902874,0.01610542,0.27368203,0.005591546,1
215,0.021097137,0.8248612,0.0398209,0.078182764,0.03603795,1
216,0.009701535,0.75643665,0.009732779,0.21872227,0.005406774,1
217,0.064068936,0.6973632,0.07648768,0.1076869,0.05439322,1
218,0.038597394,0.3372806,0.10948684,0.4283127,0.08632253,1
219,0.050372105,0.6229629,0.058539253,0.19366054,0.07446529,1
220,0.016252084,0.85189265,0.018195337,0.08439564,0.029264187,1
221,0.049554773,0.25877202,0.13583058,0.49807492,0.057767726,1
222,0.06722007,0.45490605,0.15301828,0.21963373,0.10522182,1
223,0.012819494,0.7211127,0.023613235,0.23812328,0.0043313024,1
224,0.070993096,0.2713985,0.14572705,0.18640445,0.32547686,1
225,0.015898108,0.69863176,0.016636817,0.2632069,0.0056264503,1
226,0.11108978,0.43966985,0.11592517,0.1331821,0.20013307,1
227,0.025375614,0.7393913,0.05934347,0.083837494,0.092052095,1
228,0.017713768,0.32929513,0.02704735,0.6136099,0.0123338895,1
229,0.043931317,0.38566002,0.051787585,0.37686858,0.14175253,1
230,0.071883336,0.24934867,0.09335402,0.336405,0.24900904,1
231,0.030973315,0.8284308,0.03803466,0.0463121,0.056249168,1
232,0.015142689,0.8280663,0.024468219,0.11645283,0.015870048,1
233,0.015228502,0.907927,0.021466035,0.039078157,0.016300354,1
234,0.009178189,0.91049224,0.0152554205,0.052265048,0.01280913,1
235,0.029050682,0.7437315,0.04546047,0.13301769,0.048739698,1
236,0.02590763,0.6767958,0.025632123,0.23533228,0.03633226,1
237,0.021001866,0.87634104,0.030022666,0.034363538,0.038270842,1
238,0.058758497,0.23892723,0.08438201,0.20688894,0.41104332,1
239,0.05973793,0.6296734,0.072808795,0.060671534,0.17710827,1
240,0.045060493,0.84837526,0.035933148,0.03692397,0.03370709,1
241,0.016069617,0.7158701,0.014513552,0.24278955,0.010757185,1
242,0.028071737,0.8216615,0.046642482,0.07451989,0.029104425,1
243,0.01286445,0.70253617,0.021919532,0.2558631,0.006816727,1
244,0.03763568,0.6303075,0.06262395,0.108804286,0.1606286,1
245,0.012461711,0.8292595,0.01759028,0.13604747,0.0046410356,1
246,0.029413074,0.8543258,0.035541166,0.048617136,0.03210285,1
247,0.010426002,0.76851356,0.010656361,0.20637551,0.0040285815,1
248,0.039090257,0.6164503,0.042020705,0.28041726,0.022021478,1
249,0.044601317,0.5402612,0.087214105,0.07743909,0.2504843,1
250,0.0069710016,0.9420051,0.013279277,0.027592966,0.010151793,1
251,0.026637325,0.40836093,0.085873656,0.45890942,0.020218631,1
252,0.03209267,0.78725433,0.04196472,0.058652617,0.080035724,1
253,0.007066292,0.9226038,0.0177214,0.04461662,0.007991952,1
254,0.020291064,0.8511729,0.03768048,0.058416557,0.032438885,1
255,0.014986268,0.91780347,0.019579025,0.031443205,0.016187979,1
256,0.0078119263,0.775809,0.0075639137,0.20589446,0.002920769,1
257,0.08706391,0.69914114,0.067904346,0.058125027,0.087765545,1
258,0.0085886605,0.9225076,0.021207515,0.017109433,0.030586923,1
259,0.04571882,0.7383073,0.06712945,0.087608814,0.061235614,1
260,0.036360573,0.2701643,0.07583497,0.48833066,0.12930948,1
261,0.018439192,0.87446404,0.03558338,0.043280322,0.028233036,1
262,0.037013296,0.5972322,0.048618928,0.09912446,0.21801105,1
263,0.022743512,0.75829697,0.04899768,0.055188097,0.11477371,1
264,0.022814233,0.6386613,0.06584285,0.24412003,0.028561566,1
265,0.052328933,0.21160431,0.069434516,0.34681502,0.31981722,1
266,0.0467156,0.16668954,0.075052105,0.24367015,0.46787262,1
267,0.028504387,0.83084434,0.035528705,0.04656354,0.05855898,1
268,0.10089946,0.20708632,0.115928195,0.38314617,0.19293986,1
269,0.032865096,0.42393813,0.108098626,0.34954128,0.085556805,1
270,0.0061268755,0.83662623,0.0070990133,0.14580907,0.0043387497,1
271,0.016164416,0.8864536,0.027821142,0.039581247,0.029979551,1
272,0.03119703,0.7760189,0.04950591,0.046878487,0.09639959,1
273,0.005689816,0.8809533,0.010698075,0.09741041,0.0052484307,1
274,0.024128983,0.8359065,0.030752247,0.08182726,0.02738503,1
275,0.07502354,0.6914343,0.068455346,0.08174028,0.083346516,1
276,0.058300566,0.19048029,0.10131728,0.2884966,0.36140528,1
277,0.018594857,0.387032,0.04290738,0.5259851,0.025480693,1
278,0.025093405,0.80986136,0.036844283,0.08029486,0.0479061,1
279,0.009514661,0.86518997,0.015955089,0.10175665,0.0075836885,1
280,0.08832182,0.48078537,0.098756514,0.272838,0.059298355,1
281,0.012664859,0.84392446,0.02309818,0.090529494,0.029782984,1
282,0.07293935,0.5647251,0.07596896,0.06456764,0.2217989,1
283,0.013998121,0.5378154,0.02111567,0.4204093,0.0066615427,1
284,0.042171948,0.3843831,0.04964131,0.44490752,0.07889616,1
285,0.012589636,0.75972986,0.03786327,0.18207636,0.007740844,1
286,0.008842898,0.936179,0.016880548,0.020076005,0.01802162,1
287,0.021269558,0.71330434,0.026324084,0.18515559,0.053946484,1
288,0.035115164,0.4776833,0.060870256,0.36776522,0.05856612,1
289,0.04038459,0.8090025,0.05062669,0.067728974,0.0322573,1
290,0.010273828,0.92299026,0.018041812,0.02852015,0.020173928,1
291,0.00859643,0.8929267,0.011570717,0.08251401,0.0043921378,1
292,0.018013293,0.8868378,0.026145494,0.04414421,0.024859307,1
293,0.030001286,0.35855848,0.052147966,0.542055,0.017237267,1
294,0.120881714,0.37539268,0.06576309,0.09936446,0.33859807,1
295,0.03921737,0.6231354,0.047481507,0.27060246,0.019563278,1
296,0.06375065,0.5092703,0.12781644,0.22534648,0.073816225,1
297,0.032409724,0.7795052,0.05091218,0.10228272,0.034890242,1
298,0.37271076,0.11102138,0.09794948,0.12033927,0.2979791,1
299,0.011444634,0.9334839,0.017797006,0.02201042,0.015264088,1
300,0.041186947,0.2793413,0.17917494,0.469892,0.030404756,1
301,0.03622494,0.7905542,0.032201152,0.102189444,0.03883026,1
302,0.026413832,0.27547207,0.114639215,0.54436404,0.039110847,1
303,0.034716144,0.31231675,0.16622156,0.44736925,0.039376345,1
304,0.03744338,0.71334714,0.07061034,0.13002785,0.04857127,1
305,0.16150205,0.16560684,0.23047145,0.33760318,0.10481644,1
306,0.04401128,0.2553362,0.11835613,0.45478663,0.12750976,1
307,0.05941872,0.3341984,0.12655118,0.27692762,0.20290413,1
308,0.01434238,0.3811344,0.013581711,0.58191967,0.009021835,1
309,0.06093819,0.28322417,0.1521128,0.27323398,0.23049085,1
310,0.026697105,0.3805891,0.081116445,0.4725328,0.039064575,1
311,0.014292726,0.5151806,0.028228879,0.42838284,0.013915009,1
312,0.06393589,0.1340848,0.08274319,0.19626097,0.52297515,1
313,0.0615123,0.6300952,0.101951174,0.14710549,0.059335917,1
314,0.027398665,0.5013365,0.09264478,0.3202779,0.0583422,1
315,0.046170987,0.6796538,0.078393616,0.10361105,0.09217056,1
316,0.04324226,0.68404716,0.03996239,0.1922585,0.040489685,1
317,0.022161825,0.8491034,0.037744135,0.057320703,0.03367002,1
318,0.10624949,0.23297082,0.10437506,0.23632017,0.32008445,1
319,0.009357023,0.75862914,0.010301686,0.2172725,0.0044397144,1
320,0.027115176,0.8679536,0.028874964,0.059521437,0.016534831,1
321,0.014529836,0.7875724,0.032860443,0.15895036,0.006086952,1
322,0.025333846,0.7718544,0.05059408,0.08758049,0.064637214,1
323,0.020245908,0.862544,0.028214157,0.071347855,0.017648082,1
324,0.009201254,0.86070347,0.0184843,0.103201725,0.0084092,1
325,0.017878836,0.7243001,0.022145474,0.21628356,0.019392023,1
326,0.03351404,0.7669567,0.06251959,0.09022536,0.046784308,1
327,0.041180786,0.6513363,0.06633146,0.14311652,0.098034896,1
328,0.035241704,0.3272416,0.15540946,0.4688313,0.01327595,1
329,0.18387002,0.19128813,0.102937296,0.15442345,0.3674811,1
330,0.03376604,0.5285339,0.052715536,0.3020049,0.08297971,1
331,0.031885073,0.72963136,0.07677915,0.1321926,0.029511843,1
332,0.025919696,0.21164523,0.08719893,0.6471145,0.028121648,1
333,0.020299932,0.43417645,0.040788636,0.49551257,0.009222412,1
334,0.045216333,0.7539404,0.0513951,0.10001488,0.049433243,1
335,0.049656276,0.28549114,0.13135684,0.24439521,0.28910056,1
336,0.023984632,0.8159149,0.044937834,0.042883504,0.07227909,1
337,0.046089783,0.24059355,0.050494473,0.6499937,0.0128285205,1
338,0.027213557,0.80517864,0.039209258,0.064333886,0.06406466,1
339,0.038166516,0.62457865,0.06270425,0.23418362,0.040367045,1
340,0.007141822,0.8303055,0.010194533,0.1496253,0.0027328115,1
341,0.015096786,0.8805856,0.02676467,0.05312398,0.024429044,1
342,0.061712373,0.31535384,0.12628554,0.31364784,0.18300045,1
343,0.029314747,0.40659308,0.15957253,0.31314924,0.091370456,1
344,0.015529445,0.52694976,0.026088988,0.42257857,0.008853235,1
345,0.05272154,0.6179835,0.07969432,0.05620761,0.19339304,1
346,0.060420472,0.5541193,0.09617693,0.18054263,0.10874069,1
347,0.022115864,0.7635572,0.028413627,0.114586316,0.071326986,1
348,0.07677407,0.23707595,0.084331594,0.4641935,0.13762493,1
349,0.052758064,0.5508911,0.13976622,0.17818524,0.078399375,1
350,0.05475713,0.6365299,0.09804952,0.106467605,0.104195856,1
351,0.063450046,0.48270878,0.072039805,0.08030193,0.30149943,1
352,0.037535924,0.80499554,0.05006599,0.08302771,0.02437484,1
353,0.021783007,0.4139963,0.037624467,0.5102367,0.016359553,1
354,0.01747905,0.38531366,0.051156767,0.5055129,0.040537607,1
355,0.051546205,0.7679233,0.057999026,0.080727756,0.04180369,1
356,0.03294257,0.79136145,0.04555683,0.040327813,0.08981137,1
357,0.05151516,0.7133644,0.074397646,0.10244246,0.058280338,1
358,0.014144838,0.6112701,0.021275414,0.34617034,0.0071392083,1
359,0.15286486,0.48469266,0.11200564,0.13272117,0.11771567,1
360,0.0083106635,0.65295094,0.017615927,0.3166351,0.0044873464,1
361,0.05423416,0.66598314,0.07814013,0.10432058,0.09732206,1
362,0.020416815,0.8647463,0.034157425,0.03362912,0.047050335,1
363,0.03577092,0.28388047,0.10537994,0.50682145,0.06814715,1
364,0.0127105145,0.7355251,0.022873122,0.21881051,0.0100808125,1
365,0.03128368,0.5623763,0.04504356,0.28439608,0.076900385,1
366,0.047269702,0.191884,0.060966026,0.27775997,0.4221204,1
367,0.011360683,0.87589705,0.026285866,0.046648152,0.039808266,1
368,0.06599202,0.24315202,0.07954755,0.33661523,0.27469322,1
369,0.045896135,0.7306585,0.07211687,0.06810931,0.08321922,1
370,0.03708905,0.74340624,0.061627943,0.044749234,0.11312759,1
371,0.038380913,0.14975889,0.069369696,0.18981938,0.55267113,1
372,0.009714621,0.86736596,0.015209797,0.10366311,0.004046572,1
373,0.025714293,0.84775174,0.033169966,0.07022995,0.023134133,1
374,0.04729613,0.31383726,0.06537031,0.50492585,0.06857048,1
375,0.021811279,0.82438976,0.043244746,0.07923972,0.031314556,1
376,0.0049422984,0.86201495,0.005725199,0.124542825,0.0027747618,1
377,0.02035998,0.58977026,0.021534123,0.36058685,0.0077487626,1
378,0.011678508,0.42739245,0.01685903,0.5383134,0.0057566105,1
379,0.17680971,0.24104455,0.09499194,0.08525283,0.40190107,1
380,0.028597048,0.81633043,0.05124333,0.040271457,0.06355771,1
381,0.02859798,0.7265022,0.06393549,0.095453516,0.0855109,1
382,0.020775352,0.33925697,0.036504734,0.58341706,0.0200459,1
383,0.07923426,0.2625688,0.12192881,0.2897661,0.246502,1
384,0.043299776,0.44514528,0.04627057,0.3990101,0.066274285,1
385,0.058256406,0.48468724,0.086192735,0.12302192,0.24784175,1
386,0.013575733,0.78596365,0.024693338,0.15803593,0.017731352,1
387,0.053931195,0.7691718,0.043552943,0.100909464,0.032434683,1
388,0.0050087273,0.877209,0.008132857,0.106567554,0.0030819203,1
389,0.06341619,0.2135341,0.07746532,0.09985567,0.5457288,1
390,0.03426047,0.4573125,0.04707521,0.41745254,0.043899376,1
391,0.08279114,0.1546277,0.067993656,0.103995085,0.59059244,1
392,0.016209869,0.6662262,0.023246907,0.28377423,0.010542792,1
393,0.038561616,0.53758854,0.045699462,0.13444905,0.24370134,1
394,0.00977281,0.88484555,0.02381446,0.018313855,0.06325334,1
395,0.012008163,0.8382001,0.013878762,0.122294664,0.013618301,1
396,0.5891468,0.22203012,0.068570875,0.075311475,0.04494075,1
397,0.01919816,0.59435636,0.032559235,0.3378421,0.016044151,1
398,0.019576713,0.7445192,0.034951974,0.18645671,0.014495497,1
399,0.040450968,0.3598047,0.033597708,0.5117303,0.054416325,1
400,0.0716907,0.43861303,0.14200562,0.31021553,0.03747513,1
401,0.036787327,0.8044177,0.05468861,0.073442064,0.03066423,1
402,0.027474558,0.4299504,0.04644794,0.4850192,0.01110791,1
403,0.1066907,0.4938286,0.10908196,0.18225403,0.108144715,1
404,0.055352487,0.20271876,0.240744,0.34057295,0.16061181,1
405,0.05599187,0.7080151,0.062849164,0.10827901,0.06486487,1
406,0.05321383,0.6585715,0.065273166,0.12782657,0.09511496,1
407,0.044897515,0.24315296,0.07234197,0.6202724,0.019335112,1
408,0.011102143,0.9059455,0.02459374,0.040385745,0.01797294,1
409,0.033213284,0.46418402,0.07502012,0.41123796,0.016344631,1
410,0.025929673,0.83342785,0.043544266,0.05371334,0.04338493,1
411,0.013252742,0.5967605,0.01962984,0.36478612,0.0055708117,1
412,0.057900753,0.6691207,0.042550348,0.16657655,0.06385164,1
413,0.04093608,0.76253885,0.05066059,0.06554384,0.0803207,1
414,0.032685615,0.43549275,0.030797517,0.4890413,0.011982846,1
415,0.02790612,0.7549252,0.031448714,0.1374838,0.048236206,1
416,0.064441495,0.36349437,0.11716969,0.3587021,0.09619234,1
417,0.030824283,0.69058007,0.04429863,0.06931623,0.1649808,1
418,0.020756977,0.3492991,0.079264045,0.53302693,0.017652921,1
419,0.08373592,0.21218319,0.07078799,0.24250853,0.39078438,1
420,0.09360452,0.33844438,0.10301937,0.18878224,0.2761495,1
421,0.05706207,0.6239369,0.064055204,0.19040495,0.064540885,1
422,0.034677587,0.6347334,0.03519793,0.19574629,0.09964488,1
423,0.039971665,0.8268799,0.038111728,0.05978347,0.03525325,1
424,0.010887998,0.63603544,0.024028009,0.3247963,0.004252242,1
425,0.118268326,0.24237895,0.079085365,0.06734336,0.49292403,1
426,0.061088085,0.30405638,0.089932404,0.4799284,0.064994745,1
427,0.02987883,0.864469,0.030037845,0.041814413,0.033799935,1
428,0.042745057,0.37423372,0.052663457,0.48133144,0.04902632,1
429,0.035507306,0.6654431,0.08594666,0.12915187,0.08395111,1
430,0.032875776,0.28928837,0.13526976,0.49785995,0.044706155,1
431,0.03030373,0.81915873,0.042087134,0.064798,0.04365238,1
432,0.041555047,0.5163448,0.11155551,0.29848358,0.032061048,1
433,0.024523294,0.66397816,0.07245399,0.17998658,0.05905801,1
434,0.01175307,0.87441283,0.013169954,0.087215856,0.013448255,1
435,0.018641979,0.87663907,0.036878075,0.04300789,0.024832986,1
436,0.031416785,0.65085626,0.03105399,0.22717343,0.05949949,1
437,0.013011913,0.79791313,0.025291843,0.1557204,0.0080627,1
438,0.013039134,0.83816624,0.0153735075,0.099499926,0.03392116,1
439,0.06020507,0.27205536,0.26265475,0.2631783,0.1419066,1
440,0.018261949,0.8592864,0.030814907,0.066019036,0.025617694,1
441,0.022283817,0.8842204,0.035384636,0.036883935,0.021227192,1
442,0.04278631,0.76938343,0.06118952,0.06287554,0.06376521,1
443,0.035690047,0.8167698,0.037534878,0.08451649,0.025488839,1
444,0.012664365,0.9120374,0.019297976,0.036817748,0.019182596,1
445,0.013221541,0.7279901,0.02678476,0.21920729,0.012796344,1
446,0.005672147,0.9483,0.012454926,0.016084429,0.017488556,1
447,0.05821625,0.37029594,0.09567646,0.34661856,0.12919281,1
448,0.60686404,0.17938331,0.08430971,0.08199991,0.04744305,1
449,0.040146954,0.5780012,0.07247328,0.22935887,0.08001971,1
450,0.005850445,0.86820954,0.009924224,0.11381228,0.002203546,1
451,0.04822742,0.3803556,0.061274927,0.34241912,0.167723,1
452,0.014149454,0.8977033,0.026084865,0.03401645,0.028045941,1
453,0.041712955,0.49681568,0.050975807,0.32416666,0.086328946,1
454,0.12419327,0.6915613,0.050890982,0.08606341,0.04729105,1
455,0.009209782,0.76783895,0.011826739,0.20726426,0.0038602513,1
456,0.066028185,0.32819897,0.07124334,0.099443264,0.43508625,1
457,0.033141352,0.65323967,0.03455254,0.18637112,0.092695355,1
458,0.040270388,0.40960512,0.06274131,0.23236337,0.2550198,1
459,0.016154436,0.76096344,0.013690521,0.20568518,0.0035064367,1
460,0.023362702,0.84357893,0.037554692,0.06414049,0.031363264,1
461,0.02808466,0.3619543,0.121922694,0.4612716,0.026766762,1
462,0.0351198,0.8196026,0.04328403,0.060518503,0.041475106,1
463,0.012892239,0.8563858,0.026551312,0.047847774,0.05632293,1
464,0.014135607,0.74792355,0.020483559,0.2111506,0.0063067214,1
465,0.05415385,0.74353534,0.0483015,0.05579866,0.098210655,1
466,0.056248654,0.50216836,0.06414562,0.09915294,0.27828452,1
467,0.014038637,0.79139656,0.027717201,0.14594631,0.020901268,1
468,0.064068936,0.6973632,0.07648768,0.1076869,0.05439322,1
469,0.033615366,0.41102153,0.061341316,0.41929016,0.07473165,1
470,0.016252084,0.85189265,0.018195337,0.08439564,0.029264187,1
471,0.019996619,0.8407324,0.038250547,0.052388787,0.048631635,1
472,0.049554773,0.25877202,0.13583058,0.49807492,0.057767726,1
473,0.021110483,0.84211886,0.039472215,0.04726289,0.050035585,1
474,0.025568912,0.43970487,0.03305623,0.4642187,0.037451364,1
475,0.015898108,0.69863176,0.016636817,0.2632069,0.0056264503,1
476,0.044510484,0.6042325,0.040802598,0.26561195,0.0448425,1
477,0.033362724,0.5126742,0.047511827,0.31689197,0.08955928,1
478,0.025375614,0.7393913,0.05934347,0.083837494,0.092052095,1
479,0.049593415,0.19829755,0.20607093,0.51830304,0.02773512,1
480,0.043931317,0.38566002,0.051787585,0.37686858,0.14175253,1
481,0.017944563,0.27920416,0.05200727,0.6344179,0.016426187,1
482,0.015142689,0.8280663,0.024468219,0.11645283,0.015870048,1
483,0.0371218,0.80783266,0.04132315,0.06642325,0.047299176,1
484,0.06162126,0.60784024,0.16524898,0.13935903,0.025930459,1
485,0.015228502,0.907927,0.021466035,0.039078157,0.016300354,1
486,0.025871528,0.779427,0.040422853,0.078695,0.075583614,1
487,0.02590763,0.6767958,0.025632123,0.23533228,0.03633226,1
488,0.03745566,0.61667055,0.06508132,0.08750055,0.19329195,1
489,0.02429906,0.23483889,0.05112479,0.6621912,0.02754612,1
490,0.01794431,0.29419065,0.05697907,0.6185603,0.012325657,1
491,0.05973793,0.6296734,0.072808795,0.060671534,0.17710827,1
492,0.087306894,0.46268225,0.10105043,0.23261316,0.11634727,1
493,0.035954155,0.2726396,0.11098685,0.2991893,0.28123012,1
494,0.038154818,0.57085,0.12769727,0.21883523,0.04446267,1
495,0.012461711,0.8292595,0.01759028,0.13604747,0.0046410356,1
496,0.05950678,0.68058264,0.05426945,0.066576,0.13906512,1
497,0.06766221,0.6463784,0.08161204,0.14733522,0.057012197,1
498,0.0863454,0.71006936,0.06161477,0.061528236,0.08044221,1
499,0.039552934,0.27332804,0.06601819,0.5415228,0.07957809,1
500,0.0069710016,0.9420051,0.013279277,0.027592966,0.010151793,1
501,0.026637325,0.40836093,0.085873656,0.45890942,0.020218631,1
502,0.039308168,0.4804905,0.04162499,0.42488882,0.013687514,1
503,0.007066292,0.9226038,0.0177214,0.04461662,0.007991952,1
504,0.062010802,0.39455935,0.06162287,0.41546723,0.06633978,1
505,0.09931019,0.6476831,0.07926559,0.10902425,0.06471693,1
506,0.020101614,0.24207197,0.11275994,0.60165465,0.023411898,1
507,0.08706391,0.69914114,0.067904346,0.058125027,0.087765545,1
508,0.033887424,0.7478037,0.070939206,0.09217409,0.055195596,1
509,0.014967616,0.73846066,0.0141883865,0.22466771,0.0077156397,1
510,0.04571882,0.7383073,0.06712945,0.087608814,0.061235614,1
511,0.037940655,0.26544017,0.062352706,0.58973074,0.044535674,1
512,0.037013296,0.5972322,0.048618928,0.09912446,0.21801105,1
513,0.03201538,0.48065358,0.034242854,0.39959636,0.05349187,1
514,0.07284871,0.6249703,0.079300165,0.09616581,0.12671508,1
515,0.017973363,0.8918988,0.028155873,0.037989233,0.023982685,1
516,0.022051195,0.37750414,0.048029166,0.5380384,0.014377204,1
517,0.0467156,0.16668954,0.075052105,0.24367015,0.46787262,1
518,0.013719841,0.9013905,0.023754658,0.042251837,0.018883243,1
519,0.0119443005,0.6833505,0.019409439,0.28083345,0.0044622486,1
520,0.10089946,0.20708632,0.115928195,0.38314617,0.19293986,1
521,0.040195327,0.6115921,0.05781422,0.133292,0.15710631,1
522,0.032828122,0.8108163,0.041069936,0.040501755,0.07478392,1
523,0.051703103,0.5992916,0.08223271,0.1547803,0.11199226,1
524,0.13768362,0.2801136,0.18132135,0.36326626,0.037615158,1
525,0.024128983,0.8359065,0.030752247,0.08182726,0.02738503,1
526,0.04036821,0.36106727,0.0743217,0.24452941,0.27971342,1
527,0.07502354,0.6914343,0.068455346,0.08174028,0.083346516,1
528,0.018919848,0.5802627,0.068242885,0.30500853,0.027566,1
529,0.018594857,0.387032,0.04290738,0.5259851,0.025480693,1
530,0.025093405,0.80986136,0.036844283,0.08029486,0.0479061,1
531,0.039392527,0.3469601,0.06685453,0.45329484,0.093497954,1
532,0.009514661,0.86518997,0.015955089,0.10175665,0.0075836885,1
533,0.04755675,0.19038352,0.35345134,0.352787,0.055821355,1
534,0.015026872,0.37563044,0.04078711,0.55985504,0.008700581,1
535,0.022080667,0.8642603,0.029236535,0.054356933,0.030065626,1
536,0.046230387,0.39770493,0.09839495,0.35267904,0.104990676,1
537,0.042171948,0.3843831,0.04964131,0.44490752,0.07889616,1
538,0.0681562,0.5128837,0.1049959,0.16029687,0.15366736,1
539,0.024314888,0.85801744,0.036769073,0.058262654,0.022635967,1
540,0.45929724,0.2989218,0.07179136,0.08289429,0.08709536,1
541,0.032240767,0.6541211,0.05797235,0.19826601,0.057399716,1
542,0.019974504,0.24807082,0.061828762,0.65796775,0.012158203,1
543,0.018013293,0.8868378,0.026145494,0.04414421,0.024859307,1
544,0.030001286,0.35855848,0.052147966,0.542055,0.017237267,1
545,0.06531426,0.7889516,0.03736519,0.069439,0.03892993,1
546,0.0180159,0.8306568,0.032558825,0.08844037,0.030328054,1
547,0.06375065,0.5092703,0.12781644,0.22534648,0.073816225,1
548,0.011297933,0.91952384,0.018971732,0.032046784,0.018159753,1
549,0.03766026,0.7980946,0.05680858,0.0712731,0.036163516,1
550,0.01810731,0.84865296,0.036049616,0.06337616,0.033813987,1
551,0.041186947,0.2793413,0.17917494,0.469892,0.030404756,1
552,0.038226914,0.33265635,0.055285312,0.52737486,0.04645657,1
553,0.008310772,0.8147144,0.008914694,0.16079895,0.0072612525,1
554,0.020630833,0.5296623,0.059240617,0.35973677,0.030729461,1
555,0.034716144,0.31231675,0.16622156,0.44736925,0.039376345,1
556,0.014704823,0.89119005,0.019287499,0.046314515,0.0285031,1
557,0.03323329,0.82222235,0.039538827,0.05829962,0.046705913,1
558,0.008995523,0.7800541,0.0065474655,0.20131898,0.0030839706,1
559,0.05941872,0.3341984,0.12655118,0.27692762,0.20290413,1
560,0.024552207,0.34132263,0.026720649,0.51147723,0.09592725,1
561,0.01434238,0.3811344,0.013581711,0.58191967,0.009021835,1
562,0.0737206,0.6629576,0.050679322,0.153908,0.058734518,1
563,0.006839962,0.87577695,0.009849012,0.10459977,0.0029342328,1
564,0.057660606,0.6512424,0.06617628,0.11064173,0.114279024,1
565,0.0059293914,0.93897164,0.015317248,0.018579105,0.02120263,1
566,0.027398665,0.5013365,0.09264478,0.3202779,0.0583422,1
567,0.032972388,0.6178457,0.055784162,0.25000402,0.043393727,1
568,0.045539744,0.7161535,0.059794992,0.13865355,0.039858248,1
569,0.04235098,0.7725595,0.049419463,0.06927953,0.0663906,1
570,0.018277397,0.51575416,0.019717496,0.42668325,0.01956775,1
571,0.027115176,0.8679536,0.028874964,0.059521437,0.016534831,1
572,0.014529836,0.7875724,0.032860443,0.15895036,0.006086952,1
573,0.06309233,0.7825529,0.050768018,0.07230934,0.031277467,1
574,0.02397328,0.45872656,0.07506305,0.41841754,0.023819584,1
575,0.013609904,0.21702723,0.024126196,0.73565406,0.009582557,1
576,0.009201254,0.86070347,0.0184843,0.103201725,0.0084092,1
577,0.017878836,0.7243001,0.022145474,0.21628356,0.019392023,1
578,0.09096227,0.58998364,0.10641726,0.16819938,0.044437375,1
579,0.12708016,0.45097598,0.0911031,0.10730126,0.22353947,1
580,0.035241704,0.3272416,0.15540946,0.4688313,0.01327595,1
581,0.026107578,0.8642604,0.03665239,0.033963047,0.039016586,1
582,0.03376604,0.5285339,0.052715536,0.3020049,0.08297971,1
583,0.03886525,0.74693877,0.06414485,0.07175826,0.07829292,1
584,0.025919696,0.21164523,0.08719893,0.6471145,0.028121648,1
585,0.044711508,0.3122364,0.15799974,0.40753108,0.07752132,1
586,0.01482704,0.8642713,0.026916444,0.088831425,0.005153793,1
587,0.01650435,0.29968414,0.023736043,0.65077,0.009305499,1
588,0.045216333,0.7539404,0.0513951,0.10001488,0.049433243,1
589,0.016546583,0.30329955,0.10513055,0.56584847,0.009174875,1
590,0.023984632,0.8159149,0.044937834,0.042883504,0.07227909,1
591,0.07505973,0.74749583,0.053701907,0.05613926,0.06760326,1
592,0.023853956,0.3879709,0.02758499,0.5505821,0.0100081,1
593,0.021894518,0.39142483,0.05364674,0.5144645,0.018569445,1
594,0.015096786,0.8805856,0.02676467,0.05312398,0.024429044,1
595,0.036439616,0.5328181,0.045462776,0.26343015,0.121849395,1
596,0.10149521,0.29605123,0.1153515,0.2720657,0.21503638,1
597,0.029314747,0.40659308,0.15957253,0.31314924,0.091370456,1
598,0.034155052,0.67832327,0.06877635,0.17228928,0.046456087,1
599,0.05272154,0.6179835,0.07969432,0.05620761,0.19339304,1
600,0.022308199,0.83678085,0.056171954,0.04632625,0.038412746,1
601,0.024067251,0.3090621,0.09131866,0.55767804,0.017873973,1
602,0.029899403,0.7835747,0.042343795,0.041036393,0.10314574,1
603,0.028805805,0.8409731,0.036556404,0.05668929,0.03697534,1
604,0.026152942,0.18017665,0.061249625,0.039833695,0.6925871,1
605,0.10992514,0.5379609,0.09871507,0.13922286,0.11417603,1
606,0.021783007,0.4139963,0.037624467,0.5102367,0.016359553,1
607,0.33277136,0.1917763,0.16730824,0.2559542,0.052189913,1
608,0.09874341,0.6615731,0.06584956,0.10328388,0.070550054,1
609,0.02215598,0.36403316,0.038455114,0.5604038,0.014951895,1
610,0.03294257,0.79136145,0.04555683,0.040327813,0.08981137,1
611,0.029377658,0.3537022,0.06428905,0.4817306,0.07090052,1
612,0.034452908,0.731821,0.044223025,0.07852983,0.11097324,1
613,0.0083106635,0.65295094,0.017615927,0.3166351,0.0044873464,1
614,0.02960515,0.6802026,0.047680315,0.20722662,0.035285342,1
615,0.12345707,0.5503759,0.09056386,0.09872829,0.13687493,1
616,0.5658397,0.19948594,0.07876861,0.08359392,0.072311856,1
617,0.028124226,0.3664489,0.044879895,0.539072,0.02147502,1
618,0.03128368,0.5623763,0.04504356,0.28439608,0.076900385,1
619,0.009882564,0.86656314,0.018076954,0.100724734,0.004752721,1
620,0.06599202,0.24315202,0.07954755,0.33661523,0.27469322,1
621,0.088043064,0.6598404,0.080221646,0.08868715,0.08320775,1
622,0.056068417,0.7294909,0.0681293,0.114698604,0.031612843,1
623,0.03424724,0.28633595,0.05355869,0.55823916,0.06761894,1
624,0.017015826,0.82122916,0.027320711,0.1072742,0.027160106,1
625,0.034607407,0.7153873,0.047741525,0.03348294,0.16878086,1
626,0.016017145,0.52390814,0.02464666,0.4292224,0.0062056654,1
627,0.02035998,0.58977026,0.021534123,0.36058685,0.0077487626,1
628,0.011053921,0.85966295,0.01668459,0.10214879,0.010449709,1
629,0.044583444,0.30936804,0.20191513,0.21018039,0.23395307,1
630,0.017358914,0.90970135,0.021436274,0.030647198,0.020856239,1
631,0.008048236,0.8624323,0.010906188,0.115531124,0.0030821564,1
632,0.043299776,0.44514528,0.04627057,0.3990101,0.066274285,1
633,0.020348817,0.8244862,0.034490366,0.057157468,0.0635172,1
634,0.020958869,0.8082415,0.02592468,0.12811606,0.016758835,1
635,0.035663668,0.8005766,0.03796313,0.0549648,0.07083181,1
636,0.067234196,0.26088098,0.070053555,0.4429125,0.15891881,1
637,0.08279114,0.1546277,0.067993656,0.103995085,0.59059244,1
638,0.03413862,0.85779953,0.029323889,0.043488923,0.035249032,1
639,0.032887075,0.6387019,0.046490323,0.15466607,0.1272546,1
640,0.053974997,0.768602,0.05000853,0.053301644,0.074112855,1
641,0.047838837,0.44031736,0.21159993,0.19590472,0.104339175,1
642,0.025833754,0.44002214,0.03159189,0.48820734,0.01434488,1
643,0.01919816,0.59435636,0.032559235,0.3378421,0.016044151,1
644,0.019576713,0.7445192,0.034951974,0.18645671,0.014495497,1
645,0.3230118,0.40534005,0.10981345,0.1187944,0.04304036,1
646,0.031071413,0.6151977,0.0606573,0.25560078,0.037472803,1
647,0.040450968,0.3598047,0.033597708,0.5117303,0.054416325,1
648,0.06639308,0.6674676,0.054864623,0.1452938,0.065980904,1
649,0.027474558,0.4299504,0.04644794,0.4850192,0.01110791,1
650,0.041671846,0.81743395,0.043949436,0.07364763,0.02329714,1
651,0.03981219,0.44163713,0.07961811,0.39925104,0.039681565,1
652,0.05599187,0.7080151,0.062849164,0.10827901,0.06486487,1
653,0.09384351,0.49941483,0.056116473,0.111684024,0.23894115,1
654,0.03596762,0.6549501,0.09043508,0.15199965,0.06664761,1
655,0.031426515,0.8275532,0.0570825,0.052570175,0.03136767,1
656,0.07528838,0.40839154,0.09887314,0.06297185,0.3544751,1
657,0.031183595,0.7603431,0.06846823,0.10771173,0.032293376,1
658,0.010153684,0.7682389,0.011691341,0.20506564,0.0048504286,1
659,0.02790612,0.7549252,0.031448714,0.1374838,0.048236206,1
660,0.043800842,0.45434976,0.05698923,0.38462427,0.060235895,1
661,0.06151668,0.45386377,0.08064487,0.18867224,0.21530247,1
662,0.020756977,0.3492991,0.079264045,0.53302693,0.017652921,1
663,0.08373592,0.21218319,0.07078799,0.24250853,0.39078438,1
664,0.101145364,0.49080688,0.06820444,0.070307784,0.2695356,1
665,0.02191222,0.8789917,0.029744763,0.038975682,0.030375732,1
666,0.012993072,0.34458366,0.02634759,0.60790706,0.008168636,1
667,0.055790227,0.14819784,0.085728005,0.1908978,0.51938623,1
668,0.118268326,0.24237895,0.079085365,0.06734336,0.49292403,1
669,0.0077255643,0.8040307,0.014078013,0.17194293,0.0022227322,1
670,0.02987883,0.864469,0.030037845,0.041814413,0.033799935,1
671,0.02762932,0.22065747,0.04625095,0.67508733,0.030374957,1
672,0.024123095,0.2597691,0.13091932,0.47227407,0.112914406,1
673,0.032875776,0.28928837,0.13526976,0.49785995,0.044706155,1
674,0.025106195,0.84353584,0.04108913,0.056125592,0.03414326,1
675,0.041555047,0.5163448,0.11155551,0.29848358,0.032061048,1
676,0.024775576,0.839303,0.039018497,0.07511731,0.021785567,1
677,0.011340612,0.47645387,0.020472558,0.48632059,0.0054123285,1
678,0.018641979,0.87663907,0.036878075,0.04300789,0.024832986,1
679,0.031416785,0.65085626,0.03105399,0.22717343,0.05949949,1
680,0.04687517,0.7539081,0.053404905,0.09763998,0.04817191,1
681,0.027833268,0.79367083,0.06381636,0.06803514,0.04664438,1
682,0.047641933,0.5010492,0.04533757,0.34737644,0.058594882,1
683,0.006339208,0.83177465,0.006609487,0.14962894,0.0056478363,1
684,0.022283817,0.8842204,0.035384636,0.036883935,0.021227192,1
685,0.04003552,0.60360366,0.069887236,0.056872923,0.22960071,1
686,0.017094506,0.647176,0.055961426,0.2664356,0.013332448,1
687,0.035690047,0.8167698,0.037534878,0.08451649,0.025488839,1
688,0.0045863735,0.8736884,0.006789858,0.11136057,0.0035747786,1
689,0.012664365,0.9120374,0.019297976,0.036817748,0.019182596,1
690,0.04756637,0.4303321,0.09512605,0.29197177,0.1350037,1
691,0.016939478,0.8036486,0.022484666,0.12797879,0.02894847,1
692,0.05821625,0.37029594,0.09567646,0.34661856,0.12919281,1
693,0.05383861,0.4034598,0.049935598,0.42890072,0.06386534,1
694,0.054509886,0.5404746,0.1328906,0.23596798,0.03615695,1
695,0.040146954,0.5780012,0.07247328,0.22935887,0.08001971,1
696,0.008327945,0.7589467,0.010467485,0.22031558,0.0019423049,1
697,0.057883263,0.57557434,0.07931202,0.18544947,0.10178095,1
698,0.014149454,0.8977033,0.026084865,0.03401645,0.028045941,1
699,0.041712955,0.49681568,0.050975807,0.32416666,0.086328946,1
700,0.066028185,0.32819897,0.07124334,0.099443264,0.43508625,1
701,0.033141352,0.65323967,0.03455254,0.18637112,0.092695355,1
702,0.023362702,0.84357893,0.037554692,0.06414049,0.031363264,1
703,0.0351198,0.8196026,0.04328403,0.060518503,0.041475106,1
704,0.012892239,0.8563858,0.026551312,0.047847774,0.05632293,1
705,0.05415385,0.74353534,0.0483015,0.05579866,0.098210655,1
706,0.056248654,0.50216836,0.06414562,0.09915294,0.27828452,1
707,0.014038637,0.79139656,0.027717201,0.14594631,0.020901268,1
708,0.033615366,0.41102153,0.061341316,0.41929016,0.07473165,1
709,0.019996619,0.8407324,0.038250547,0.052388787,0.048631635,1
710,0.021110483,0.84211886,0.039472215,0.04726289,0.050035585,1
711,0.025568912,0.43970487,0.03305623,0.4642187,0.037451364,1
712,0.044510484,0.6042325,0.040802598,0.26561195,0.0448425,1
713,0.033362724,0.5126742,0.047511827,0.31689197,0.08955928,1
714,0.049593415,0.19829755,0.20607093,0.51830304,0.02773512,1
715,0.017944563,0.27920416,0.05200727,0.6344179,0.016426187,1
716,0.0371218,0.80783266,0.04132315,0.06642325,0.047299176,1
717,0.06162126,0.60784024,0.16524898,0.13935903,0.025930459,1
718,0.025871528,0.779427,0.040422853,0.078695,0.075583614,1
719,0.03745566,0.61667055,0.06508132,0.08750055,0.19329195,1
720,0.02429906,0.23483889,0.05112479,0.6621912,0.02754612,1
721,0.01794431,0.29419065,0.05697907,0.6185603,0.012325657,1
722,0.087306894,0.46268225,0.10105043,0.23261316,0.11634727,1
723,0.035954155,0.2726396,0.11098685,0.2991893,0.28123012,1
724,0.038154818,0.57085,0.12769727,0.21883523,0.04446267,1
725,0.05950678,0.68058264,0.05426945,0.066576,0.13906512,1
726,0.06766221,0.6463784,0.08161204,0.14733522,0.057012197,1
727,0.0863454,0.71006936,0.06161477,0.061528236,0.08044221,1
728,0.039552934,0.27332804,0.06601819,0.5415228,0.07957809,1
729,0.039308168,0.4804905,0.04162499,0.42488882,0.013687514,1
730,0.062010802,0.39455935,0.06162287,0.41546723,0.06633978,1
731,0.09931019,0.6476831,0.07926559,0.10902425,0.06471693,1
732,0.020101614,0.24207197,0.11275994,0.60165465,0.023411898,1
733,0.033887424,0.7478037,0.070939206,0.09217409,0.055195596,1
734,0.014967616,0.73846066,0.0141883865,0.22466771,0.0077156397,1
735,0.037940655,0.26544017,0.062352706,0.58973074,0.044535674,1
736,0.03201538,0.48065358,0.034242854,0.39959636,0.05349187,1
737,0.07284871,0.6249703,0.079300165,0.09616581,0.12671508,1
738,0.017973363,0.8918988,0.028155873,0.037989233,0.023982685,1
739,0.022051195,0.37750414,0.048029166,0.5380384,0.014377204,1
740,0.013719841,0.9013905,0.023754658,0.042251837,0.018883243,1
741,0.0119443005,0.6833505,0.019409439,0.28083345,0.0044622486,1
742,0.040195327,0.6115921,0.05781422,0.133292,0.15710631,1
743,0.032828122,0.8108163,0.041069936,0.040501755,0.07478392,1
744,0.051703103,0.5992916,0.08223271,0.1547803,0.11199226,1
745,0.13768362,0.2801136,0.18132135,0.36326626,0.037615158,1
746,0.04036821,0.36106727,0.0743217,0.24452941,0.27971342,1
747,0.018919848,0.5802627,0.068242885,0.30500853,0.027566,1
748,0.039392527,0.3469601,0.06685453,0.45329484,0.093497954,1
749,0.04755675,0.19038352,0.35345134,0.352787,0.055821355,1
750,0.015026872,0.37563044,0.04078711,0.55985504,0.008700581,1
751,0.022080667,0.8642603,0.029236535,0.054356933,0.030065626,1
752,0.046230387,0.39770493,0.09839495,0.35267904,0.104990676,1
753,0.0681562,0.5128837,0.1049959,0.16029687,0.15366736,1
754,0.024314888,0.85801744,0.036769073,0.058262654,0.022635967,1
755,0.45929724,0.2989218,0.07179136,0.08289429,0.08709536,1
756,0.032240767,0.6541211,0.05797235,0.19826601,0.057399716,1
757,0.019974504,0.24807082,0.061828762,0.65796775,0.012158203,1
758,0.06531426,0.7889516,0.03736519,0.069439,0.03892993,1
759,0.0180159,0.8306568,0.032558825,0.08844037,0.030328054,1
760,0.011297933,0.91952384,0.018971732,0.032046784,0.018159753,1
761,0.03766026,0.7980946,0.05680858,0.0712731,0.036163516,1
762,0.01810731,0.84865296,0.036049616,0.06337616,0.033813987,1
763,0.038226914,0.33265635,0.055285312,0.52737486,0.04645657,1
764,0.008310772,0.8147144,0.008914694,0.16079895,0.0072612525,1
765,0.020630833,0.5296623,0.059240617,0.35973677,0.030729461,1
766,0.014704823,0.89119005,0.019287499,0.046314515,0.0285031,1
767,0.03323329,0.82222235,0.039538827,0.05829962,0.046705913,1
768,0.008995523,0.7800541,0.0065474655,0.20131898,0.0030839706,1
769,0.024552207,0.34132263,0.026720649,0.51147723,0.09592725,1
770,0.0737206,0.6629576,0.050679322,0.153908,0.058734518,1
771,0.006839962,0.87577695,0.009849012,0.10459977,0.0029342328,1
772,0.057660606,0.6512424,0.06617628,0.11064173,0.114279024,1
773,0.0059293914,0.93897164,0.015317248,0.018579105,0.02120263,1
774,0.032972388,0.6178457,0.055784162,0.25000402,0.043393727,1
775,0.045539744,0.7161535,0.059794992,0.13865355,0.039858248,1
776,0.04235098,0.7725595,0.049419463,0.06927953,0.0663906,1
777,0.018277397,0.51575416,0.019717496,0.42668325,0.01956775,1
778,0.06309233,0.7825529,0.050768018,0.07230934,0.031277467,1
779,0.02397328,0.45872656,0.07506305,0.41841754,0.023819584,1
780,0.013609904,0.21702723,0.024126196,0.73565406,0.009582557,1
781,0.09096227,0.58998364,0.10641726,0.16819938,0.044437375,1
782,0.12708016,0.45097598,0.0911031,0.10730126,0.22353947,1
783,0.026107578,0.8642604,0.03665239,0.033963047,0.039016586,1
784,0.03886525,0.74693877,0.06414485,0.07175826,0.07829292,1
785,0.044711508,0.3122364,0.15799974,0.40753108,0.07752132,1
786,0.01482704,0.8642713,0.026916444,0.088831425,0.005153793,1
787,0.01650435,0.29968414,0.023736043,0.65077,0.009305499,1
788,0.016546583,0.30329955,0.10513055,0.56584847,0.009174875,1
789,0.07505973,0.74749583,0.053701907,0.05613926,0.06760326,1
790,0.023853956,0.3879709,0.02758499,0.5505821,0.0100081,1
791,0.021894518,0.39142483,0.05364674,0.5144645,0.018569445,1
792,0.036439616,0.5328181,0.045462776,0.26343015,0.121849395,1
793,0.10149521,0.29605123,0.1153515,0.2720657,0.21503638,1
794,0.034155052,0.67832327,0.06877635,0.17228928,0.046456087,1
795,0.022308199,0.83678085,0.056171954,0.04632625,0.038412746,1
796,0.024067251,0.3090621,0.09131866,0.55767804,0.017873973,1
797,0.029899403,0.7835747,0.042343795,0.041036393,0.10314574,1
798,0.028805805,0.8409731,0.036556404,0.05668929,0.03697534,1
799,0.026152942,0.18017665,0.061249625,0.039833695,0.6925871,1
800,0.10992514,0.5379609,0.09871507,0.13922286,0.11417603,1
801,0.33277136,0.1917763,0.16730824,0.2559542,0.052189913,1
802,0.09874341,0.6615731,0.06584956,0.10328388,0.070550054,1
803,0.02215598,0.36403316,0.038455114,0.5604038,0.014951895,1
804,0.029377658,0.3537022,0.06428905,0.4817306,0.07090052,1
805,0.034452908,0.731821,0.044223025,0.07852983,0.11097324,1
806,0.02960515,0.6802026,0.047680315,0.20722662,0.035285342,1
807,0.12345707,0.5503759,0.09056386,0.09872829,0.13687493,1
808,0.5658397,0.19948594,0.07876861,0.08359392,0.072311856,1
809,0.028124226,0.3664489,0.044879895,0.539072,0.02147502,1
810,0.009882564,0.86656314,0.018076954,0.100724734,0.004752721,1
811,0.088043064,0.6598404,0.080221646,0.08868715,0.08320775,1
812,0.056068417,0.7294909,0.0681293,0.114698604,0.031612843,1
813,0.03424724,0.28633595,0.05355869,0.55823916,0.06761894,1
814,0.017015826,0.82122916,0.027320711,0.1072742,0.027160106,1
815,0.034607407,0.7153873,0.047741525,0.03348294,0.16878086,1
816,0.016017145,0.52390814,0.02464666,0.4292224,0.0062056654,1
817,0.011053921,0.85966295,0.01668459,0.10214879,0.010449709,1
818,0.044583444,0.30936804,0.20191513,0.21018039,0.23395307,1
819,0.017358914,0.90970135,0.021436274,0.030647198,0.020856239,1
820,0.008048236,0.8624323,0.010906188,0.115531124,0.0030821564,1
821,0.020348817,0.8244862,0.034490366,0.057157468,0.0635172,1
822,0.020958869,0.8082415,0.02592468,0.12811606,0.016758835,1
823,0.035663668,0.8005766,0.03796313,0.0549648,0.07083181,1
824,0.067234196,0.26088098,0.070053555,0.4429125,0.15891881,1
825,0.03413862,0.85779953,0.029323889,0.043488923,0.035249032,1
826,0.032887075,0.6387019,0.046490323,0.15466607,0.1272546,1
827,0.053974997,0.768602,0.05000853,0.053301644,0.074112855,1
828,0.047838837,0.44031736,0.21159993,0.19590472,0.104339175,1
829,0.025833754,0.44002214,0.03159189,0.48820734,0.01434488,1
830,0.3230118,0.40534005,0.10981345,0.1187944,0.04304036,1
831,0.031071413,0.6151977,0.0606573,0.25560078,0.037472803,1
832,0.06639308,0.6674676,0.054864623,0.1452938,0.065980904,1
833,0.041671846,0.81743395,0.043949436,0.07364763,0.02329714,1
834,0.03981219,0.44163713,0.07961811,0.39925104,0.039681565,1
835,0.09384351,0.49941483,0.056116473,0.111684024,0.23894115,1
836,0.03596762,0.6549501,0.09043508,0.15199965,0.06664761,1
837,0.031426515,0.8275532,0.0570825,0.052570175,0.03136767,1
838,0.07528838,0.40839154,0.09887314,0.06297185,0.3544751,1
839,0.031183595,0.7603431,0.06846823,0.10771173,0.032293376,1
840,0.010153684,0.7682389,0.011691341,0.20506564,0.0048504286,1
841,0.043800842,0.45434976,0.05698923,0.38462427,0.060235895,1
842,0.06151668,0.45386377,0.08064487,0.18867224,0.21530247,1
843,0.101145364,0.49080688,0.06820444,0.070307784,0.2695356,1
844,0.02191222,0.8789917,0.029744763,0.038975682,0.030375732,1
845,0.012993072,0.34458366,0.02634759,0.60790706,0.008168636,1
846,0.055790227,0.14819784,0.085728005,0.1908978,0.51938623,1
847,0.0077255643,0.8040307,0.014078013,0.17194293,0.0022227322,1
848,0.02762932,0.22065747,0.04625095,0.67508733,0.030374957,1
849,0.024123095,0.2597691,0.13091932,0.47227407,0.112914406,1
850,0.025106195,0.84353584,0.04108913,0.056125592,0.03414326,1
851,0.024775576,0.839303,0.039018497,0.07511731,0.021785567,1
852,0.011340612,0.47645387,0.020472558,0.48632059,0.0054123285,1
853,0.04687517,0.7539081,0.053404905,0.09763998,0.04817191,1
854,0.027833268,0.79367083,0.06381636,0.06803514,0.04664438,1
855,0.047641933,0.5010492,0.04533757,0.34737644,0.058594882,1
856,0.006339208,0.83177465,0.006609487,0.14962894,0.0056478363,1
857,0.04003552,0.60360366,0.069887236,0.056872923,0.22960071,1
858,0.017094506,0.647176,0.055961426,0.2664356,0.013332448,1
859,0.0045863735,0.8736884,0.006789858,0.11136057,0.0035747786,1
860,0.04756637,0.4303321,0.09512605,0.29197177,0.1350037,1
861,0.016939478,0.8036486,0.022484666,0.12797879,0.02894847,1
862,0.05383861,0.4034598,0.049935598,0.42890072,0.06386534,1
863,0.054509886,0.5404746,0.1328906,0.23596798,0.03615695,1
864,0.008327945,0.7589467,0.010467485,0.22031558,0.0019423049,1
865,0.057883263,0.57557434,0.07931202,0.18544947,0.10178095,1
866,0.2922227,0.36117527,0.09783198,0.15963797,0.08913211,2
867,0.038997307,0.057834495,0.08169698,0.045167472,0.77630377,2
868,0.034953076,0.38443017,0.15274219,0.38539702,0.04247759,2
869,0.058211517,0.018986978,0.858908,0.050126243,0.013767282,2
870,0.026470488,0.5165882,0.177825,0.25573462,0.023381751,2
871,0.058001447,0.06537741,0.09450215,0.052119583,0.72999936,2
872,0.0809537,0.01310077,0.8529097,0.04380476,0.009231123,2
873,0.026686002,0.029493779,0.8840578,0.050529744,0.009232651,2
874,0.06986416,0.025650874,0.82077485,0.06521411,0.018496059,2
875,0.69275373,0.11302572,0.076615885,0.08068776,0.036916874,2
876,0.023196718,0.36515775,0.19187133,0.38524354,0.034530625,2
877,0.038189393,0.44536105,0.15766536,0.3363632,0.022421047,2
878,0.011745798,0.052738484,0.035376467,0.021989046,0.87815017,2
879,0.33228865,0.028117275,0.5671938,0.027536457,0.044863876,2
880,0.0278112,0.007445562,0.9442275,0.014035413,0.006480351,2
881,0.027615657,0.012939087,0.9153039,0.035792165,0.008349199,2
882,0.057468664,0.09536459,0.42858654,0.38402483,0.034555435,2
883,0.31333986,0.17031024,0.41227403,0.056929864,0.04714601,2
884,0.1271719,0.286836,0.122877836,0.20474742,0.25836682,2
885,0.04780632,0.095714234,0.49236035,0.33426166,0.029857492,2
886,0.055261552,0.7440025,0.052922513,0.12150142,0.026312007,2
887,0.032584574,0.24162245,0.27911267,0.40774852,0.03893182,2
888,0.036323387,0.15012868,0.4854726,0.28515866,0.042916644,2
889,0.04323929,0.02230342,0.87540245,0.05080943,0.00824528,2
890,0.026526678,0.034066737,0.05620704,0.02352645,0.859673,2
891,0.059574325,0.48032942,0.1326131,0.19492707,0.1325561,2
892,0.069065146,0.026530672,0.8356215,0.0555449,0.013237831,2
893,0.076647915,0.013527103,0.87542534,0.021884633,0.012515046,2
894,0.02516796,0.029944435,0.8813025,0.04803798,0.015547174,2
895,0.22369409,0.12614796,0.55228996,0.04096761,0.0569004,2
896,0.032023452,0.016164567,0.91206676,0.030243015,0.00950222,2
897,0.075464875,0.045519814,0.82571757,0.029607458,0.023690397,2
898,0.038151212,0.23099294,0.079753734,0.04718801,0.60391414,2
899,0.047043808,0.01673011,0.8811723,0.0455877,0.009466064,2
900,0.04475857,0.033847947,0.85402966,0.057907224,0.009456577,2
901,0.038859393,0.21599881,0.2955918,0.3884581,0.06109189,2
902,0.23325267,0.02698346,0.62327665,0.026590949,0.089896314,2
903,0.05857991,0.0046248543,0.92106646,0.0108055435,0.004923278,2
904,0.4007597,0.014555663,0.50337714,0.016485421,0.064822115,2
905,0.12644438,0.42361918,0.14046434,0.22598748,0.08348462,2
906,0.12691322,0.19860747,0.19962542,0.1559618,0.3188921,2
907,0.53230566,0.02499867,0.36554915,0.055075217,0.022071332,2
908,0.1209498,0.014085821,0.81851226,0.02056393,0.025888184,2
909,0.05436293,0.098275155,0.078259744,0.053094584,0.71600765,2
910,0.039354157,0.36516678,0.14205168,0.42323947,0.030187955,2
911,0.076629005,0.040063154,0.81562704,0.053238224,0.014442614,2
912,0.1793104,0.033697233,0.6902715,0.08393245,0.01278843,2
913,0.10624029,0.019664127,0.8154575,0.044456214,0.014181845,2
914,0.048835155,0.018279618,0.8764248,0.039955266,0.01650512,2
915,0.033104986,0.3456354,0.21753827,0.32388258,0.07983875,2
916,0.040275495,0.056922484,0.064869195,0.03635835,0.8015744,2
917,0.038841724,0.14424941,0.41316086,0.37324744,0.03050058,2
918,0.05979473,0.020134848,0.86558723,0.038148317,0.016334971,2
919,0.024651062,0.100214794,0.07344254,0.048600074,0.7530915,2
920,0.02551486,0.15363921,0.25167388,0.5348096,0.03436251,2
921,0.033480596,0.05136744,0.07604279,0.03232101,0.80678827,2
922,0.10085505,0.027465401,0.82028085,0.037570454,0.013828239,2
923,0.48641753,0.0482994,0.40386963,0.039854225,0.021559268,2
924,0.032651883,0.2748596,0.06849133,0.045158144,0.578839,2
925,0.22822271,0.041948535,0.651174,0.039662886,0.038991872,2
926,0.023760742,0.11728995,0.40680003,0.42388853,0.028260684,2
927,0.8516752,0.020271378,0.09256101,0.022357158,0.01313521,2
928,0.044614255,0.6003437,0.11928221,0.0993495,0.13641028,2
929,0.054244738,0.11979318,0.4329597,0.3582202,0.03478218,2
930,0.05691892,0.011967699,0.8836897,0.037734646,0.009689092,2
931,0.05036061,0.5989759,0.121422045,0.12560761,0.10363386,2
932,0.2762899,0.039590087,0.586595,0.07425583,0.023269251,2
933,0.061691564,0.07917347,0.10355617,0.077669635,0.6779092,2
934,0.06596025,0.009961404,0.8971759,0.019080115,0.007822307,2
935,0.025444034,0.2620147,0.20226741,0.4765101,0.033763748,2
936,0.038997307,0.057834495,0.08169698,0.045167472,0.77630377,2
937,0.086699374,0.0147907315,0.8342719,0.055816222,0.00842175,2
938,0.37537694,0.024524255,0.54720443,0.019787094,0.033107273,2
939,0.019331794,0.0107045965,0.9277838,0.03784185,0.0043380517,2
940,0.027621416,0.02328904,0.8975636,0.039779566,0.011746497,2
941,0.3973677,0.0801383,0.27509072,0.20243183,0.044971503,2
942,0.047886144,0.036840346,0.84447205,0.052923467,0.017877972,2
943,0.011742699,0.33987552,0.026212966,0.6169586,0.005210212,2
944,0.050571647,0.007988634,0.9103231,0.022923676,0.008192973,2
945,0.03920062,0.124004304,0.074279435,0.036365043,0.7261506,2
946,0.066218786,0.2781301,0.20646457,0.406612,0.042574476,2
947,0.022177337,0.19371341,0.21784487,0.54702705,0.019237395,2
948,0.015944274,0.8933382,0.02562128,0.039570797,0.025525494,2
949,0.037936434,0.04000769,0.8410966,0.06225452,0.018704714,2
950,0.037458308,0.011019079,0.9206139,0.024978621,0.005930062,2
951,0.02119227,0.21322647,0.18634586,0.5647188,0.014516619,2
952,0.2786636,0.028403578,0.63710004,0.033850145,0.02198268,2
953,0.09535876,0.12301568,0.3678941,0.36368546,0.050045997,2
954,0.22954674,0.046126828,0.6024109,0.029413095,0.09250244,2
955,0.031811796,0.15753107,0.31284335,0.44398436,0.053829428,2
956,0.039407883,0.026045103,0.87540096,0.04973325,0.009412877,2
957,0.030492747,0.007912438,0.94035304,0.013303722,0.007938038,2
958,0.05715093,0.01247659,0.9056093,0.016368667,0.00839454,2
959,0.05505485,0.16836093,0.22799325,0.4779776,0.070613354,2
960,0.28016096,0.022753457,0.65235245,0.030540058,0.0141931055,2
961,0.029956674,0.17909878,0.36499768,0.39761016,0.028336687,2
962,0.05117122,0.012895751,0.89247876,0.03442872,0.009025633,2
963,0.20247543,0.10811975,0.56872046,0.0914701,0.029214317,2
964,0.038151212,0.23099294,0.079753734,0.04718801,0.60391414,2
965,0.047043808,0.01673011,0.8811723,0.0455877,0.009466064,2
966,0.042071838,0.06385439,0.08295702,0.05366034,0.7574564,2
967,0.0221814,0.17610477,0.37468803,0.39458856,0.032437187,2
968,0.04519827,0.017285902,0.8716327,0.05392108,0.011962082,2
969,0.05231681,0.0086903665,0.9029276,0.030488187,0.0055770655,2
970,0.026665369,0.007902159,0.93244565,0.027964432,0.005022445,2
971,0.07506021,0.17404239,0.15708637,0.24293761,0.35087344,2
972,0.044123027,0.1524869,0.38565108,0.39856267,0.019176338,2
973,0.12691322,0.19860747,0.19962542,0.1559618,0.3188921,2
974,0.2096831,0.01988105,0.7168451,0.037458353,0.016132398,2
975,0.64206296,0.046254378,0.2305874,0.03627376,0.044821497,2
976,0.05436293,0.098275155,0.078259744,0.053094584,0.71600765,2
977,0.039354157,0.36516678,0.14205168,0.42323947,0.030187955,2
978,0.025863696,0.21227503,0.057096202,0.02755644,0.67720866,2
979,0.046069697,0.017499963,0.90321475,0.018600592,0.014614998,2
980,0.03865514,0.22278714,0.42180786,0.27659386,0.040156033,2
981,0.31345907,0.3497502,0.10868434,0.11353129,0.114575125,2
982,0.28404108,0.01116288,0.6609993,0.013205456,0.030591348,2
983,0.029263565,0.14256077,0.0839039,0.03151132,0.71276045,2
984,0.038841724,0.14424941,0.41316086,0.37324744,0.03050058,2
985,0.022109047,0.04343845,0.0646035,0.023555534,0.84629345,2
986,0.02183876,0.19540547,0.18076108,0.5916766,0.010318125,2
987,0.037424542,0.16359714,0.26937106,0.49120307,0.038404197,2
988,0.033480596,0.05136744,0.07604279,0.03232101,0.80678827,2
989,0.07582239,0.39971563,0.19248796,0.28229067,0.049683366,2
990,0.028903037,0.010298322,0.9208277,0.03368987,0.006281049,2
991,0.020842416,0.12147757,0.42162576,0.41797718,0.01807709,2
992,0.06728525,0.0106417015,0.8896124,0.023562727,0.00889785,2
993,0.33955336,0.33082765,0.118346214,0.1652975,0.04597529,2
994,0.10237527,0.16472243,0.35247174,0.33418667,0.046243913,2
995,0.054244738,0.11979318,0.4329597,0.3582202,0.03478218,2
996,0.03610636,0.058564663,0.088596515,0.037290074,0.7794424,2
997,0.05691892,0.011967699,0.8836897,0.037734646,0.009689092,2
998,0.030659473,0.05191485,0.06040529,0.026003426,0.83101696,2
999,0.10294453,0.017242735,0.84836894,0.019858027,0.011585772,2
1000,0.041470863,0.35349792,0.20072961,0.33889303,0.06540858,2
1001,0.2922227,0.36117527,0.09783198,0.15963797,0.08913211,2
1002,0.025444034,0.2620147,0.20226741,0.4765101,0.033763748,2
1003,0.086699374,0.0147907315,0.8342719,0.055816222,0.00842175,2
1004,0.37537694,0.024524255,0.54720443,0.019787094,0.033107273,2
1005,0.019331794,0.0107045965,0.9277838,0.03784185,0.0043380517,2
1006,0.027621416,0.02328904,0.8975636,0.039779566,0.011746497,2
1007,0.3973677,0.0801383,0.27509072,0.20243183,0.044971503,2
1008,0.047886144,0.036840346,0.84447205,0.052923467,0.017877972,2
1009,0.011742699,0.33987552,0.026212966,0.6169586,0.005210212,2
1010,0.050571647,0.007988634,0.9103231,0.022923676,0.008192973,2
1011,0.03920062,0.124004304,0.074279435,0.036365043,0.7261506,2
1012,0.066218786,0.2781301,0.20646457,0.406612,0.042574476,2
1013,0.022177337,0.19371341,0.21784487,0.54702705,0.019237395,2
1014,0.015944274,0.8933382,0.02562128,0.039570797,0.025525494,2
1015,0.037936434,0.04000769,0.8410966,0.06225452,0.018704714,2
1016,0.037458308,0.011019079,0.9206139,0.024978621,0.005930062,2
1017,0.02119227,0.21322647,0.18634586,0.5647188,0.014516619,2
1018,0.2786636,0.028403578,0.63710004,0.033850145,0.02198268,2
1019,0.09535876,0.12301568,0.3678941,0.36368546,0.050045997,2
1020,0.22954674,0.046126828,0.6024109,0.029413095,0.09250244,2
1021,0.031811796,0.15753107,0.31284335,0.44398436,0.053829428,2
1022,0.039407883,0.026045103,0.87540096,0.04973325,0.009412877,2
1023,0.030492747,0.007912438,0.94035304,0.013303722,0.007938038,2
1024,0.05715093,0.01247659,0.9056093,0.016368667,0.00839454,2
1025,0.05505485,0.16836093,0.22799325,0.4779776,0.070613354,2
1026,0.28016096,0.022753457,0.65235245,0.030540058,0.0141931055,2
1027,0.029956674,0.17909878,0.36499768,0.39761016,0.028336687,2
1028,0.05117122,0.012895751,0.89247876,0.03442872,0.009025633,2
1029,0.20247543,0.10811975,0.56872046,0.0914701,0.029214317,2
1030,0.042071838,0.06385439,0.08295702,0.05366034,0.7574564,2
1031,0.0221814,0.17610477,0.37468803,0.39458856,0.032437187,2
1032,0.04519827,0.017285902,0.8716327,0.05392108,0.011962082,2
1033,0.05231681,0.0086903665,0.9029276,0.030488187,0.0055770655,2
1034,0.026665369,0.007902159,0.93244565,0.027964432,0.005022445,2
1035,0.07506021,0.17404239,0.15708637,0.24293761,0.35087344,2
1036,0.044123027,0.1524869,0.38565108,0.39856267,0.019176338,2
1037,0.2096831,0.01988105,0.7168451,0.037458353,0.016132398,2
1038,0.64206296,0.046254378,0.2305874,0.03627376,0.044821497,2
1039,0.025863696,0.21227503,0.057096202,0.02755644,0.67720866,2
1040,0.046069697,0.017499963,0.90321475,0.018600592,0.014614998,2
1041,0.03865514,0.22278714,0.42180786,0.27659386,0.040156033,2
1042,0.31345907,0.3497502,0.10868434,0.11353129,0.114575125,2
1043,0.28404108,0.01116288,0.6609993,0.013205456,0.030591348,2
1044,0.029263565,0.14256077,0.0839039,0.03151132,0.71276045,2
1045,0.022109047,0.04343845,0.0646035,0.023555534,0.84629345,2
1046,0.02183876,0.19540547,0.18076108,0.5916766,0.010318125,2
1047,0.037424542,0.16359714,0.26937106,0.49120307,0.038404197,2
1048,0.07582239,0.39971563,0.19248796,0.28229067,0.049683366,2
1049,0.028903037,0.010298322,0.9208277,0.03368987,0.006281049,2
1050,0.020842416,0.12147757,0.42162576,0.41797718,0.01807709,2
1051,0.06728525,0.0106417015,0.8896124,0.023562727,0.00889785,2
1052,0.33955336,0.33082765,0.118346214,0.1652975,0.04597529,2
1053,0.10237527,0.16472243,0.35247174,0.33418667,0.046243913,2
1054,0.03610636,0.058564663,0.088596515,0.037290074,0.7794424,2
1055,0.030659473,0.05191485,0.06040529,0.026003426,0.83101696,2
1056,0.10294453,0.017242735,0.84836894,0.019858027,0.011585772,2
1057,0.041470863,0.35349792,0.20072961,0.33889303,0.06540858,2
1058,0.2922227,0.36117527,0.09783198,0.15963797,0.08913211,2
1059,0.015512751,0.8355199,0.022631872,0.108084,0.018251585,3
1060,0.23971419,0.281761,0.132044,0.24039064,0.10609024,3
1061,0.2922227,0.36117527,0.09783198,0.15963797,0.08913211,3
1062,0.06319945,0.50665486,0.15933679,0.23036614,0.040442802,3
1063,0.023438066,0.42697808,0.05212872,0.47969356,0.017761657,3
1064,0.031696845,0.31172362,0.040530484,0.5904315,0.025617568,3
1065,0.04410535,0.43000537,0.05298323,0.45664248,0.016263595,3
1066,0.017722582,0.46815935,0.03070142,0.4673867,0.01602999,3
1067,0.02436395,0.41802508,0.069953956,0.4657466,0.021910481,3
1068,0.039454166,0.37604958,0.05807258,0.48684168,0.039582014,3
1069,0.061846245,0.405202,0.075115375,0.38737807,0.070458345,3
1070,0.092300914,0.15615891,0.33023632,0.33814734,0.08315658,3
1071,0.01775147,0.18081549,0.25411147,0.5310107,0.016310945,3
1072,0.0562658,0.4463032,0.2052073,0.18617742,0.106046274,3
1073,0.05470648,0.6072715,0.085475385,0.077112295,0.17543438,3
1074,0.14361368,0.23797877,0.10544812,0.43618107,0.076778345,3
1075,0.08256289,0.26539972,0.18269415,0.3252986,0.14404462,3
1076,0.058485486,0.15098938,0.1878642,0.2509763,0.35168466,3
1077,0.05482172,0.38179785,0.14277387,0.38065436,0.039952185,3
1078,0.12967114,0.29828954,0.1001751,0.27771002,0.19415422,3
1079,0.03589618,0.70460033,0.038884487,0.15670435,0.06391471,3
1080,0.029804526,0.24035552,0.08927146,0.6132409,0.027327618,3
1081,0.07198934,0.25615677,0.2526754,0.37230846,0.046870064,3
1082,0.066583276,0.39204958,0.14219444,0.35976428,0.03940844,3
1083,0.024027651,0.6958924,0.032506954,0.2273575,0.020215522,3
1084,0.011121452,0.4316342,0.05475948,0.49117967,0.011305247,3
1085,0.07641994,0.03446742,0.83192235,0.039373122,0.017817134,3
1086,0.03829673,0.13835506,0.3199738,0.47251502,0.03085935,3
1087,0.021388177,0.26553497,0.076355964,0.60474414,0.031976722,3
1088,0.03150923,0.33053455,0.049022723,0.5376884,0.05124514,3
1089,0.037552983,0.5341673,0.04296756,0.27894515,0.10636701,3
1090,0.017782303,0.3719492,0.02252707,0.573368,0.014373456,3
1091,0.021409836,0.3900813,0.043202158,0.53101104,0.01429566,3
1092,0.07864448,0.16159953,0.12547022,0.1326038,0.501682,3
1093,0.029094687,0.25582945,0.12856977,0.54453623,0.04196989,3
1094,0.09833483,0.44618756,0.16534345,0.21648525,0.07364895,3
1095,0.029447962,0.24399471,0.033438247,0.63058203,0.062537074,3
1096,0.016537972,0.49331602,0.022732435,0.4474733,0.019940266,3
1097,0.028109131,0.46840745,0.062078517,0.423728,0.01767695,3
1098,0.025814468,0.29986808,0.09008136,0.5478105,0.03642568,3
1099,0.018316874,0.5113063,0.029351717,0.4147999,0.026225215,3
1100,0.027220521,0.2286831,0.120606914,0.61042935,0.013060088,3
1101,0.038273204,0.19153972,0.1912063,0.50190717,0.07707362,3
1102,0.1696505,0.080718055,0.39818797,0.33301863,0.018424843,3
1103,0.016095722,0.6239668,0.041028854,0.30899957,0.00990904,3
1104,0.046311814,0.49378783,0.18833017,0.21250537,0.05906483,3
1105,0.015885541,0.20736273,0.172558,0.58786815,0.016325636,3
1106,0.021236345,0.5237753,0.053721774,0.3747872,0.026479429,3
1107,0.023402132,0.55568117,0.030389,0.38580188,0.0047258944,3
1108,0.044902552,0.58957464,0.13883726,0.1641108,0.0625748,3
1109,0.023822285,0.48362738,0.05173802,0.40974256,0.031069806,3
1110,0.03905984,0.44742915,0.1354853,0.25180623,0.1262195,3
1111,0.043174077,0.19475155,0.2928314,0.43642727,0.032815736,3
1112,0.031634204,0.29933307,0.08879429,0.5548642,0.025374217,3
1113,0.014222828,0.37992615,0.011472702,0.5828244,0.01155398,3
1114,0.023456583,0.4560001,0.07083105,0.42872402,0.02098828,3
1115,0.01815395,0.432039,0.041129716,0.49930045,0.009376954,3
1116,0.04111318,0.14925085,0.24584213,0.5283933,0.035400577,3
1117,0.03931817,0.12628458,0.11113401,0.076241076,0.6470222,3
1118,0.01848052,0.3435205,0.092525944,0.5226902,0.022782896,3
1119,0.032182213,0.26829943,0.1898959,0.4819281,0.027694354,3
1120,0.07929028,0.28233668,0.16487129,0.21936336,0.2541384,3
1121,0.029000137,0.32799304,0.05349801,0.5660716,0.023437236,3
1122,0.027849123,0.58109087,0.04335034,0.31537428,0.032335475,3
1123,0.025377765,0.49451134,0.16881748,0.2495294,0.061764043,3
1124,0.02572763,0.3913983,0.042728215,0.52338034,0.016765514,3
1125,0.031728204,0.15244742,0.26756492,0.49040437,0.0578551,3
1126,0.06339881,0.18668059,0.3273363,0.3208267,0.10175758,3
1127,0.049259875,0.33985564,0.13967021,0.37903452,0.092179775,3
1128,0.050086644,0.26637644,0.08381268,0.56172794,0.037996367,3
1129,0.05200432,0.22770078,0.12252915,0.4514393,0.14632645,3
1130,0.028824076,0.45044136,0.06025833,0.4061248,0.054351438,3
1131,0.047627717,0.42102146,0.05811478,0.3968747,0.07636136,3
1132,0.03276864,0.6932521,0.034744177,0.21779807,0.021436999,3
1133,0.021462072,0.49518606,0.029661039,0.43640026,0.017290562,3
1134,0.1271719,0.286836,0.122877836,0.20474742,0.25836682,3
1135,0.019775555,0.34856582,0.018452836,0.6008963,0.012309626,3
1136,0.019559605,0.23608199,0.11204698,0.6010372,0.031274214,3
1137,0.059585303,0.2705948,0.070512384,0.42101905,0.17828844,3
1138,0.024636775,0.5686972,0.03491461,0.29542264,0.076328784,3
1139,0.019570556,0.56521595,0.019867266,0.37496176,0.020384515,3
1140,0.04536478,0.35055777,0.21009064,0.3530531,0.040933724,3
1141,0.09500017,0.13770263,0.1865748,0.4163881,0.1643343,3
1142,0.046344865,0.2552885,0.31600913,0.35302743,0.029330024,3
1143,0.040272724,0.26039445,0.08585854,0.554907,0.058567252,3
1144,0.03565256,0.17222044,0.09372725,0.6748603,0.023539454,3
1145,0.021333091,0.62947416,0.06439247,0.24303928,0.041761007,3
1146,0.03987835,0.2660259,0.22230422,0.4025483,0.06924322,3
1147,0.04604907,0.55116147,0.11427119,0.20522921,0.083289094,3
1148,0.03228185,0.44769835,0.0844455,0.39182496,0.04374932,3
1149,0.020858223,0.765765,0.042801812,0.1541491,0.016425883,3
1150,0.031491984,0.34843984,0.04017477,0.5346585,0.04523495,3
1151,0.024898527,0.56258446,0.040747013,0.3495792,0.02219085,3
1152,0.010917893,0.68112534,0.014323522,0.28544268,0.008190597,3
1153,0.038767975,0.29279014,0.06325187,0.52730304,0.077887006,3
1154,0.04257563,0.35221446,0.100020446,0.46414015,0.041049328,3
1155,0.08473357,0.31708872,0.22769888,0.24982141,0.12065742,3
1156,0.030614952,0.4558415,0.054335453,0.44066665,0.01854148,3
1157,0.04648712,0.17981367,0.23293419,0.50102514,0.039739925,3
1158,0.05336225,0.290797,0.09007285,0.5228101,0.042957764,3
1159,0.026228432,0.21963437,0.09132854,0.61354274,0.04926592,3
1160,0.06634292,0.29815555,0.107091665,0.3775173,0.15089256,3
1161,0.037461903,0.3465571,0.04471478,0.54037756,0.030888671,3
1162,0.037190154,0.46957025,0.037875082,0.345671,0.10969354,3
1163,0.030086258,0.16328816,0.15776458,0.5943744,0.05448653,3
1164,0.026229024,0.44505915,0.052546244,0.44748995,0.028675651,3
1165,0.048745226,0.092684105,0.372161,0.4439016,0.042508088,3
1166,0.022965927,0.33745193,0.07342808,0.529699,0.036454998,3
1167,0.05514617,0.3879643,0.17650114,0.3239319,0.056456506,3
1168,0.06093819,0.28322417,0.1521128,0.27323398,0.23049085,3
1169,0.035712246,0.3558192,0.038199406,0.4880147,0.08225446,3
1170,0.06391299,0.3250297,0.08014414,0.17138653,0.35952666,3
1171,0.09422155,0.16379546,0.2988367,0.38139996,0.06174628,3
1172,0.05023078,0.3628235,0.053525705,0.4903991,0.04302099,3
1173,0.027847482,0.72602767,0.039704937,0.18392637,0.022493519,3
1174,0.030197477,0.19992715,0.32200173,0.3985464,0.049327273,3
1175,0.06897535,0.2274252,0.09153091,0.42766163,0.18440692,3
1176,0.06601165,0.25866833,0.25501084,0.24275461,0.17755459,3
1177,0.045353007,0.13638888,0.41153422,0.36642647,0.04029741,3
1178,0.06038622,0.42923027,0.06484913,0.3534566,0.09207786,3
1179,0.104748406,0.18400407,0.23965462,0.40518805,0.06640487,3
1180,0.03207029,0.25251207,0.11159879,0.52984536,0.07397349,3
1181,0.024471836,0.2414399,0.1308951,0.56983536,0.033357855,3
1182,0.026448477,0.5612678,0.043202337,0.3287972,0.040284287,3
1183,0.042267855,0.2691214,0.09601657,0.5065924,0.08600184,3
1184,0.046854734,0.67575943,0.06278073,0.12314854,0.09145658,3
1185,0.07942752,0.30814227,0.086489215,0.4737175,0.052223474,3
1186,0.025304971,0.23396604,0.053032666,0.60410726,0.08358911,3
1187,0.050115455,0.58203214,0.07902237,0.13490848,0.15392165,3
1188,0.022697201,0.84612226,0.037868846,0.054981746,0.038329966,3
1189,0.04661585,0.31234166,0.21181273,0.36220837,0.06702143,3
1190,0.041384008,0.35542986,0.047939196,0.51939625,0.03585073,3
1191,0.03280138,0.17014559,0.29789123,0.45530573,0.043856088,3
1192,0.037641834,0.32271573,0.05715092,0.53292334,0.049568255,3
1193,0.042508066,0.36748037,0.08633551,0.44429088,0.05938516,3
1194,0.06634798,0.2741151,0.16348489,0.35198548,0.14406659,3
1195,0.037929814,0.29378548,0.26331764,0.36025253,0.044714626,3
1196,0.045198724,0.19749616,0.23877545,0.46526337,0.053266358,3
1197,0.023497816,0.31672597,0.037000623,0.5989886,0.02378699,3
1198,0.045462884,0.31615618,0.067844585,0.55376714,0.016769277,3
1199,0.07096574,0.27131417,0.31325656,0.30339465,0.041068878,3
1200,0.04565999,0.33104822,0.1941998,0.40270662,0.026385412,3
1201,0.02123115,0.29849407,0.051176127,0.5985357,0.03056292,3
1202,0.12644438,0.42361918,0.14046434,0.22598748,0.08348462,3
1203,0.035534546,0.32454196,0.04333508,0.53508717,0.06150123,3
1204,0.015475831,0.29910052,0.09649331,0.57444763,0.014482672,3
1205,0.03476813,0.22285119,0.10809946,0.5654348,0.06884644,3
1206,0.02967011,0.37685403,0.04893547,0.5187897,0.02575071,3
1207,0.04687884,0.61702734,0.059638716,0.088795476,0.18765965,3
1208,0.047854044,0.1595155,0.34288293,0.3946054,0.055142153,3
1209,0.015512751,0.8355199,0.022631872,0.108084,0.018251585,3
1210,0.1271719,0.286836,0.122877836,0.20474742,0.25836682,3
1211,0.019775555,0.34856582,0.018452836,0.6008963,0.012309626,3
1212,0.019559605,0.23608199,0.11204698,0.6010372,0.031274214,3
1213,0.059585303,0.2705948,0.070512384,0.42101905,0.17828844,3
1214,0.024636775,0.5686972,0.03491461,0.29542264,0.076328784,3
1215,0.019570556,0.56521595,0.019867266,0.37496176,0.020384515,3
1216,0.04536478,0.35055777,0.21009064,0.3530531,0.040933724,3
1217,0.09500017,0.13770263,0.1865748,0.4163881,0.1643343,3
1218,0.046344865,0.2552885,0.31600913,0.35302743,0.029330024,3
1219,0.040272724,0.26039445,0.08585854,0.554907,0.058567252,3
1220,0.03565256,0.17222044,0.09372725,0.6748603,0.023539454,3
1221,0.021333091,0.62947416,0.06439247,0.24303928,0.041761007,3
1222,0.03987835,0.2660259,0.22230422,0.4025483,0.06924322,3
1223,0.04604907,0.55116147,0.11427119,0.20522921,0.083289094,3
1224,0.03228185,0.44769835,0.0844455,0.39182496,0.04374932,3
1225,0.020858223,0.765765,0.042801812,0.1541491,0.016425883,3
1226,0.031491984,0.34843984,0.04017477,0.5346585,0.04523495,3
1227,0.024898527,0.56258446,0.040747013,0.3495792,0.02219085,3
1228,0.010917893,0.68112534,0.014323522,0.28544268,0.008190597,3
1229,0.038767975,0.29279014,0.06325187,0.52730304,0.077887006,3
1230,0.04257563,0.35221446,0.100020446,0.46414015,0.041049328,3
1231,0.08473357,0.31708872,0.22769888,0.24982141,0.12065742,3
1232,0.030614952,0.4558415,0.054335453,0.44066665,0.01854148,3
1233,0.04648712,0.17981367,0.23293419,0.50102514,0.039739925,3
1234,0.05336225,0.290797,0.09007285,0.5228101,0.042957764,3
1235,0.026228432,0.21963437,0.09132854,0.61354274,0.04926592,3
1236,0.06634292,0.29815555,0.107091665,0.3775173,0.15089256,3
1237,0.037461903,0.3465571,0.04471478,0.54037756,0.030888671,3
1238,0.037190154,0.46957025,0.037875082,0.345671,0.10969354,3
1239,0.030086258,0.16328816,0.15776458,0.5943744,0.05448653,3
1240,0.026229024,0.44505915,0.052546244,0.44748995,0.028675651,3
1241,0.048745226,0.092684105,0.372161,0.4439016,0.042508088,3
1242,0.022965927,0.33745193,0.07342808,0.529699,0.036454998,3
1243,0.05514617,0.3879643,0.17650114,0.3239319,0.056456506,3
1244,0.06093819,0.28322417,0.1521128,0.27323398,0.23049085,3
1245,0.035712246,0.3558192,0.038199406,0.4880147,0.08225446,3
1246,0.06391299,0.3250297,0.08014414,0.17138653,0.35952666,3
1247,0.09422155,0.16379546,0.2988367,0.38139996,0.06174628,3
1248,0.05023078,0.3628235,0.053525705,0.4903991,0.04302099,3
1249,0.027847482,0.72602767,0.039704937,0.18392637,0.022493519,3
1250,0.030197477,0.19992715,0.32200173,0.3985464,0.049327273,3
1251,0.06897535,0.2274252,0.09153091,0.42766163,0.18440692,3
1252,0.06601165,0.25866833,0.25501084,0.24275461,0.17755459,3
1253,0.045353007,0.13638888,0.41153422,0.36642647,0.04029741,3
1254,0.06038622,0.42923027,0.06484913,0.3534566,0.09207786,3
1255,0.104748406,0.18400407,0.23965462,0.40518805,0.06640487,3
1256,0.03207029,0.25251207,0.11159879,0.52984536,0.07397349,3
1257,0.024471836,0.2414399,0.1308951,0.56983536,0.033357855,3
1258,0.026448477,0.5612678,0.043202337,0.3287972,0.040284287,3
1259,0.042267855,0.2691214,0.09601657,0.5065924,0.08600184,3
1260,0.046854734,0.67575943,0.06278073,0.12314854,0.09145658,3
1261,0.07942752,0.30814227,0.086489215,0.4737175,0.052223474,3
1262,0.025304971,0.23396604,0.053032666,0.60410726,0.08358911,3
1263,0.050115455,0.58203214,0.07902237,0.13490848,0.15392165,3
1264,0.022697201,0.84612226,0.037868846,0.054981746,0.038329966,3
1265,0.04661585,0.31234166,0.21181273,0.36220837,0.06702143,3
1266,0.041384008,0.35542986,0.047939196,0.51939625,0.03585073,3
1267,0.03280138,0.17014559,0.29789123,0.45530573,0.043856088,3
1268,0.037641834,0.32271573,0.05715092,0.53292334,0.049568255,3
1269,0.042508066,0.36748037,0.08633551,0.44429088,0.05938516,3
1270,0.06634798,0.2741151,0.16348489,0.35198548,0.14406659,3
1271,0.037929814,0.29378548,0.26331764,0.36025253,0.044714626,3
1272,0.045198724,0.19749616,0.23877545,0.46526337,0.053266358,3
1273,0.023497816,0.31672597,0.037000623,0.5989886,0.02378699,3
1274,0.045462884,0.31615618,0.067844585,0.55376714,0.016769277,3
1275,0.07096574,0.27131417,0.31325656,0.30339465,0.041068878,3
1276,0.04565999,0.33104822,0.1941998,0.40270662,0.026385412,3
1277,0.02123115,0.29849407,0.051176127,0.5985357,0.03056292,3
1278,0.12644438,0.42361918,0.14046434,0.22598748,0.08348462,3
1279,0.035534546,0.32454196,0.04333508,0.53508717,0.06150123,3
1280,0.015475831,0.29910052,0.09649331,0.57444763,0.014482672,3
1281,0.03476813,0.22285119,0.10809946,0.5654348,0.06884644,3
1282,0.02967011,0.37685403,0.04893547,0.5187897,0.02575071,3
1283,0.04687884,0.61702734,0.059638716,0.088795476,0.18765965,3
1284,0.047854044,0.1595155,0.34288293,0.3946054,0.055142153,3
1285,0.015512751,0.8355199,0.022631872,0.108084,0.018251585,3
1286,0.055249434,0.09544664,0.06722879,0.024661718,0.7574135,4
1287,0.034819998,0.08374482,0.05436963,0.0363943,0.7906713,4
1288,0.032200824,0.12300235,0.052249756,0.024001164,0.7685459,4
1289,0.049240705,0.1472941,0.0735363,0.04085171,0.6890772,4
1290,0.014373786,0.037375044,0.031480093,0.013963903,0.90280724,4
1291,0.031352352,0.15831795,0.063899554,0.063487805,0.6829424,4
1292,0.048846222,0.18222426,0.102959745,0.06568326,0.6002865,4
1293,0.08175675,0.049783178,0.07557108,0.020538395,0.77235055,4
1294,0.06233157,0.12566797,0.07699606,0.040362205,0.6946422,4
1295,0.14086373,0.23852317,0.09029367,0.061522122,0.4687973,4
1296,0.031352352,0.15831795,0.063899554,0.063487805,0.6829424,4
1297,0.048846222,0.18222426,0.102959745,0.06568326,0.6002865,4
1298,0.08175675,0.049783178,0.07557108,0.020538395,0.77235055,4
1299,0.06233157,0.12566797,0.07699606,0.040362205,0.6946422,4
1300,0.14086373,0.23852317,0.09029367,0.061522122,0.4687973,4
